Cloth_type_color,visitors,sessions,total_bounce_rate,total_carts,total_checkouts,total_conversion,total_orders_placed,total_pageviews,duration,duration_seconds,duration_clean
polo-black,1605,1741,0.6031,30,18,0.00344,6,4541,0 days 00:01:58,118.1,00:01:58
Jacket-blue,295,342,0.55263,10,4,0.00584,2,1052,0 days 00:01:49,109.24,00:01:49
Trouser-white,53,60,0.78333,1,0,0.0,0,97,0 days 00:01:10,70.3,00:01:10
Jacket-rust,261,288,0.45138,4,1,0.0,0,987,0 days 00:01:49,109.11,00:01:49
Sweatshirt-red,168,174,0.50574,4,0,0.0,0,508,0 days 00:01:28,88.63,00:01:28
Trouser-grey,109,119,0.61344,1,0,0.0,0,298,0 days 00:02:24,144.21,00:02:24
Jacket-nayy,37,54,0.68518,0,1,0.01851,1,118,0 days 00:01:38,98.09,00:01:38
Jacket-navy,479,541,0.62107,7,8,0.00924,5,1375,0 days 00:01:46,106.38,00:01:46
t-shirt-black,20,21,0.80952,0,0,0.0,0,48,0 days 00:00:31,31.19,00:00:31
t-shirt-navy,4,5,0.4375,0,0,0.0,0,10,0 days 00:00:46,46.5,00:00:46
Jacket-navy,1100,1234,0.56888,20,19,0.00405,5,3286,0 days 00:01:49,109.7,00:01:49
jeans-blue,409,527,0.64705,13,12,0.00569,3,1361,0 days 00:01:46,106.33,00:01:46
Sweatshirt-olive,107,120,0.61666,3,1,0.0,0,238,0 days 00:01:26,86.64,00:01:26
Trouser-black,541,570,0.72807,18,3,0.0,0,1078,0 days 00:00:53,53.18,00:00:53
jeans-blue,57,68,0.69117,1,2,0.02941,2,164,0 days 00:01:27,87.6,00:01:27
Trouser-black,79,90,0.66666,1,0,0.0,0,191,0 days 00:01:29,89.8,00:01:29
t-shirt-maroon,748,945,0.69523,12,26,0.00634,6,2149,0 days 00:01:18,78.75,00:01:18
t-shirt-white,117,142,0.59859,7,14,0.02816,4,494,0 days 00:02:21,141.01,00:02:21
jeans-blue,155,214,0.69626,9,3,0.00467,1,539,0 days 00:01:29,89.46000000000001,00:01:29
t-shirt-offwhite,21,22,0.77272,0,0,0.0,0,36,0 days 00:00:22,22.13,00:00:22
Trouser-grey,72,81,0.7037,1,1,0.0,0,188,0 days 00:01:00,60.48,00:01:00
polo-white,1606,1729,0.4375,50,26,0.01156,20,4541,0 days 00:02:41,161.69,00:02:41
t-shirt-navy,709,784,0.61734,24,11,0.0051,4,2046,0 days 00:01:24,84.81,00:01:24
Sweatshirt-pink,1238,1336,0.70359,11,5,0.00224,3,2526,0 days 00:00:44,44.05,00:00:44
jeans-navy,57,63,0.61904,3,0,0.0,0,244,0 days 00:02:38,158.46,00:02:38
Jacket-maroon,1332,1540,0.63766,35,22,0.00649,10,3701,0 days 00:01:26,86.6,00:01:26
t-shirt-black,106,118,0.62711,5,0,0.0,0,286,0 days 00:00:56,56.09,00:00:56
t-shirt-green,1175,1308,0.5451,40,26,0.00688,9,3848,0 days 00:01:14,74.51,00:01:14
polo-white,208,221,0.4375,5,6,0.0,0,1128,0 days 00:03:21,201.76,00:03:21
polo-turq,208,250,0.58399,2,5,0.004,1,654,0 days 00:01:35,95.47,00:01:35
polo-black,1471,1616,0.62066,33,24,0.00556,9,4019,0 days 00:01:31,91.58,00:01:31
Trouser-yellow,96,115,0.70434,1,1,0.0,0,258,0 days 00:01:39,99.12,00:01:39
t-shirt-blue,22,23,0.65217,1,3,0.04761,3,102,0 days 00:02:32,152.13,00:02:32
Sweatshirt-black,6,8,0.75,1,0,0.0,0,14,0 days 00:03:33,213.62,00:03:33
t-shirt-navy,27,32,0.46875,1,3,0.0,0,103,0 days 00:02:35,155.25,00:02:35
jeans-navy,10,12,0.75,0,0,0.0,0,15,0 days 00:00:05,5.25,00:00:05
t-shirt-teal,385,451,0.5011,18,18,0.00443,2,1615,0 days 00:01:58,118.72,00:01:58
Sweatshirt-green,25,28,0.84293,0,0,0.0,0,30,0 days 00:00:13,13.6,00:00:13
Trouser-purple,55,63,0.4375,1,1,0.01587,1,216,0 days 00:02:22,142.87,00:02:22
polo-pink,729,764,0.53926,23,9,0.00916,7,2547,0 days 00:02:18,138.88,00:02:18
polo-maroon,7,7,0.71428,1,1,0.04761,1,33,0 days 00:03:51,231.14,00:03:51
Trouser-turq,10,13,0.46153,1,0,0.0,0,66,0 days 00:04:45,285.69,00:04:45
t-shirt-turq,32,39,0.61538,1,0,0.0,0,68,0 days 00:01:06,66.17,00:01:06
jeans-black,20,20,0.5,0,0,0.0,0,71,0 days 00:02:07,127.3,00:02:07
polo-white,21,22,0.63636,0,0,0.0,0,64,0 days 00:01:11,71.45,00:01:11
t-shirt-mustard,6,9,0.77777,0,0,0.0,0,14,0 days 00:00:13,13.22,00:00:13
Sweatshirt-maroon,18,21,0.66666,1,0,0.0,0,81,0 days 00:02:05,125.14,00:02:05
t-shirt-brown,125,129,0.8217,3,1,0.00775,1,218,0 days 00:00:24,24.9,00:00:24
t-shirt-blue,246,261,0.74712,5,0,0.0,0,441,0 days 00:00:41,41.97,00:00:41
t-shirt-white,10,10,0.4375,0,0,0.0,0,40,0 days 00:03:14,194.5,00:03:14
Trouser-navy,35,37,0.7027,0,1,0.02702,1,80,0 days 00:00:56,56.67,00:00:56
polo-green,318,362,0.68784,4,3,0.00276,1,726,0 days 00:01:15,75.17,00:01:15
polo-blue,1719,1871,0.64196,50,19,0.00414,8,4541,0 days 00:01:42,102.21,00:01:42
polo-navy,231,267,0.64794,8,3,0.00374,1,655,0 days 00:01:44,104.1,00:01:44
t-shirt-blue,156,181,0.55248,7,7,0.02762,5,695,0 days 00:03:14,194.7,00:03:14
Sweatshirt-petrol,15,28,0.64285,1,2,0.03571,1,112,0 days 00:05:42,342.57,00:05:42
Trouser-grey,1719,1871,0.73961,50,26,0.00111,13,4541,0 days 00:00:37,37.26,00:00:37
polo-pink,511,562,0.66192,15,6,0.00533,3,1417,0 days 00:01:48,108.5,00:01:48
Sweatshirt-blue,208,229,0.61135,4,3,0.0,0,571,0 days 00:01:01,61.6,00:01:01
t-shirt-purple,118,132,0.45454,8,9,0.0,0,518,0 days 00:02:02,122.74,00:02:02
polo-white,1719,1871,0.77089,50,26,0.00075,10,4541,0 days 00:00:32,32.04,00:00:32
jeans-black,363,377,0.66047,1,3,0.00265,1,749,0 days 00:00:58,58.31,00:00:58
Trouser-white,94,99,0.66666,1,2,0.0202,2,267,0 days 00:02:23,143.16,00:02:23
polo-olive,92,99,0.61616,5,4,0.0101,1,246,0 days 00:01:44,104.05,00:01:44
t-shirt-pink,4,5,0.6,0,0,0.0,0,10,0 days 00:00:02,2.4,00:00:02
Trouser-black,1065,1185,0.63459,19,12,0.00421,5,2839,0 days 00:01:09,69.4,00:01:09
t-shirt-pink,9,10,0.8,0,0,0.0,0,16,0 days 00:00:12,12.6,00:00:12
jeans-blue,114,118,0.66949,0,1,0.0,0,233,0 days 00:01:01,61.86,00:01:01
t-shirt-petrol,303,328,0.67682,9,6,0.00914,3,714,0 days 00:01:25,85.84,00:01:25
t-shirt-beige,1653,1811,0.69353,33,22,0.00552,10,3783,0 days 00:01:11,71.6,00:01:11
polo-maroon,316,363,0.51515,19,16,0.02203,8,1272,0 days 00:01:58,118.41,00:01:58
t-shirt-teal,276,301,0.80398,8,1,0.0,0,441,0 days 00:00:29,29.75,00:00:29
Trouser-black,47,59,0.4375,1,4,0.01694,1,270,0 days 00:03:06,186.89,00:03:06
Sweatshirt-pink,497,512,0.71289,30,1,0.0,0,858,0 days 00:00:34,34.39,00:00:34
Sweatshirt-white,4,5,0.5,0,0,0.0,0,10,0 days 00:00:04,4.5,00:00:04
Sweatshirt-navy,237,261,0.72413,6,6,0.00766,2,558,0 days 00:01:08,68.31,00:01:08
polo-white,544,629,0.6248,6,11,0.00635,4,1666,0 days 00:01:57,117.09,00:01:57
Sweatshirt-teal,33,35,0.84293,0,1,0.02857,1,44,0 days 00:00:36,36.68,00:00:36
Jacket-purple,26,31,0.74193,0,0,0.0,0,69,0 days 00:00:31,31.12,00:00:31
jeans-black,29,33,0.45454,0,0,0.0,0,101,0 days 00:05:36,336.48,00:05:36
Trouser-purple,258,334,0.77844,9,3,0.0,0,701,0 days 00:01:11,71.35,00:01:11
t-shirt-grey,588,620,0.68064,5,4,0.00483,3,1321,0 days 00:01:10,70.46000000000001,00:01:10
Jacket-red,1719,1871,0.63032,27,15,0.00175,4,4541,0 days 00:01:02,62.02,00:01:02
polo-petrol,49,58,0.4375,3,2,0.0,0,348,0 days 00:07:41,461.37,00:07:41
Trouser-green,192,208,0.65384,4,4,0.01923,4,685,0 days 00:01:45,105.38,00:01:45
t-shirt-green,1143,1198,0.75125,27,4,0.00166,2,2046,0 days 00:00:33,33.68,00:00:33
polo-white,388,413,0.62469,7,2,0.00242,1,1031,0 days 00:01:29,89.9,00:01:29
polo-petrol,37,39,0.53846,0,0,0.0,0,104,0 days 00:01:30,90.41,00:01:30
Jacket-navy,157,178,0.52247,2,5,0.00561,1,557,0 days 00:01:27,87.28,00:01:27
Jacket-maroon,1719,1871,0.55015,40,19,0.00272,6,4541,0 days 00:01:14,74.83,00:01:14
polo-blue,1719,1853,0.50728,50,26,0.01349,25,4541,0 days 00:02:17,137.05,00:02:17
Jacket-lavender,335,366,0.50546,11,4,0.00546,2,1166,0 days 00:01:57,117.74,00:01:57
Sweatshirt-black,242,251,0.82868,5,0,0.0,0,418,0 days 00:01:35,95.8,00:01:35
t-shirt-white,1099,1192,0.59479,33,26,0.00922,11,3378,0 days 00:01:54,114.52,00:01:54
jeans-blue,44,47,0.53191,1,3,0.02127,1,140,0 days 00:02:05,125.14,00:02:05
t-shirt-prune,7,7,0.4375,0,0,0.0,0,31,0 days 00:05:32,332.71,00:05:32
polo-1,5,6,0.66666,0,0,0.0,0,10,0 days 00:00:35,35.83,00:00:35
Jacket-blue,1719,1867,0.58971,45,26,0.00535,10,4541,0 days 00:01:20,80.36,00:01:20
Trouser-rust,165,205,0.59512,5,10,0.03414,7,818,0 days 00:02:29,149.17000000000002,00:02:29
Trouser-green,120,135,0.57777,0,3,0.0,0,393,0 days 00:01:53,113.72,00:01:53
t-shirt-navy,804,893,0.61142,32,15,0.00223,2,2007,0 days 00:01:09,69.77,00:01:09
Jacket-navy,323,385,0.60519,11,11,0.01818,7,919,0 days 00:01:48,108.92,00:01:48
t-shirt-green,22,26,0.84293,0,0,0.0,0,32,0 days 00:00:14,14.57,00:00:14
Jacket-black,1599,1867,0.63577,32,26,0.00535,10,4342,0 days 00:01:42,102.69,00:01:42
jeans-purple,56,71,0.54929,3,1,0.01408,1,320,0 days 00:04:02,242.11,00:04:02
t-shirt-teal,1719,1871,0.75588,50,26,0.00055,10,4541,0 days 00:00:33,33.59,00:00:33
Jacket-blue,136,146,0.59589,5,6,0.01369,2,391,0 days 00:01:59,119.16,00:01:59
jeans-blue,57,65,0.63076,2,2,0.0,0,221,0 days 00:01:26,86.27,00:01:26
t-shirt-blue,102,133,0.66165,10,2,0.00751,1,357,0 days 00:01:24,84.45,00:01:24
Sweatshirt-purple,30,48,0.66666,0,2,0.02083,1,103,0 days 00:01:08,68.83,00:01:08
t-shirt-yellow,242,256,0.46875,5,7,0.01171,3,1127,0 days 00:03:13,193.34,00:03:13
t-shirt-white,1719,1871,0.4375,50,26,0.00246,6,4541,0 days 00:01:46,106.38,00:01:46
Jacket-beige,472,533,0.69981,14,10,0.00938,5,1211,0 days 00:01:43,103.09,00:01:43
Sweatshirt-beige,23,23,0.84293,0,0,0.0,0,33,0 days 00:01:08,68.26,00:01:08
polo-yellow,291,352,0.53125,12,9,0.0142,5,1292,0 days 00:02:05,125.41,00:02:05
t-shirt-peach,44,49,0.48979,5,4,0.0204,1,213,0 days 00:02:50,170.67000000000002,00:02:50
polo-brown,10,15,0.73333,0,0,0.0,0,36,0 days 00:00:32,32.4,00:00:32
Trouser-yellow,45,48,0.72916,0,0,0.0,0,108,0 days 00:01:08,68.18,00:01:08
t-shirt-orange,4,5,0.4375,0,0,0.0,0,26,0 days 00:14:50,890.5,00:14:50
t-shirt-white,1101,1170,0.52735,29,25,0.00598,7,4195,0 days 00:02:18,138.79,00:02:18
Trouser-beige,80,92,0.59782,2,4,0.02173,2,289,0 days 00:02:44,164.6,00:02:44
t-shirt-black,34,36,0.72222,2,2,0.04761,2,129,0 days 00:02:30,150.36,00:02:30
Trouser-blue,199,233,0.48497,9,3,0.00429,1,1010,0 days 00:03:03,183.92,00:03:03
Sweatshirt-blue,1719,1871,0.71277,50,26,0.00263,17,4541,0 days 00:00:55,55.87,00:00:55
t-shirt-blue,138,158,0.56329,8,0,0.0,0,489,0 days 00:01:23,83.17,00:01:23
t-shirt-olive,7,8,0.5,0,0,0.0,0,18,0 days 00:00:19,19.37,00:00:19
Sweatshirt-blue,17,17,0.82352,3,0,0.0,0,38,0 days 00:00:54,54.64,00:00:54
Trouser-purple,709,1443,0.84293,7,2,0.00069,1,2012,0 days 00:00:44,44.94,00:00:44
jeans-blue,5,5,0.6,0,1,0.0,0,10,0 days 00:00:49,49.6,00:00:49
Jacket-olive,573,635,0.537,19,11,0.01102,7,2023,0 days 00:02:05,125.59,00:02:05
Trouser-white,566,636,0.62893,13,6,0.00471,3,1715,0 days 00:01:41,101.1,00:01:41
Sweatshirt-black,137,152,0.63815,3,2,0.0,0,324,0 days 00:01:42,102.15,00:01:42
t-shirt-black,23,24,0.70833,2,3,0.04166,1,84,0 days 00:02:02,122.79,00:02:02
t-shirt-pink,491,542,0.59594,24,22,0.01291,7,1927,0 days 00:02:37,157.68,00:02:37
Trouser-green,422,460,0.64565,5,5,0.00217,1,1146,0 days 00:01:40,100.44,00:01:40
t-shirt-olive,20,31,0.67741,0,1,0.0,0,92,0 days 00:01:58,118.41,00:01:58
t-shirt-green,446,471,0.76433,13,0,0.0,0,745,0 days 00:00:34,34.42,00:00:34
t-shirt-green,64,74,0.66216,2,1,0.0,0,163,0 days 00:01:14,74.62,00:01:14
Trouser-olive,139,149,0.55033,1,0,0.0,0,526,0 days 00:01:58,118.81,00:01:58
jeans-navy,65,71,0.57746,2,0,0.0,0,303,0 days 00:00:57,57.16,00:00:57
t-shirt-black,16,19,0.47368,2,1,0.0,0,103,0 days 00:02:00,120.52,00:02:00
Trouser-grey,86,94,0.60638,1,0,0.0,0,263,0 days 00:01:43,103.39,00:01:43
polo-green,1110,1161,0.69681,37,6,0.00258,3,2154,0 days 00:00:48,48.05,00:00:48
t-shirt-pink,50,56,0.76785,1,0,0.0,0,101,0 days 00:01:34,94.76,00:01:34
Trouser-beige,16,19,0.57894,0,0,0.0,0,102,0 days 00:01:40,100.78,00:01:40
polo-yellow,33,36,0.75,0,0,0.0,0,66,0 days 00:00:23,23.44,00:00:23
polo-peach,326,353,0.5779,17,9,0.01133,4,1329,0 days 00:02:21,141.68,00:02:21
t-shirt-purple,8,9,0.44444,0,0,0.0,0,20,0 days 00:04:11,251.33,00:04:11
Trouser-navy,261,280,0.67142,2,1,0.0,0,649,0 days 00:01:12,72.49,00:01:12
t-shirt-white,743,862,0.57308,44,26,0.00928,8,2629,0 days 00:01:51,111.1,00:01:51
Trouser-turq,502,565,0.58053,11,5,0.00176,1,1711,0 days 00:01:42,102.21,00:01:42
Trouser-petrol,1258,1321,0.5791,41,13,0.00227,3,3936,0 days 00:01:27,87.07,00:01:27
t-shirt-pink,387,442,0.64705,16,11,0.00904,4,1243,0 days 00:01:32,92.7,00:01:32
t-shirt-rust,12,13,0.53846,0,0,0.0,0,29,0 days 00:00:31,31.07,00:00:31
polo-navy,258,299,0.59197,7,8,0.01003,3,1093,0 days 00:01:56,116.38,00:01:56
polo-green,33,38,0.5,3,2,0.02631,1,173,0 days 00:01:46,106.81,00:01:46
polo-blue,37,37,0.62162,2,1,0.02702,1,145,0 days 00:02:22,142.32,00:02:22
jeans-blue,102,142,0.73943,1,2,0.01408,2,247,0 days 00:01:41,101.66,00:01:41
Trouser-navy,268,307,0.58306,5,2,0.00325,1,887,0 days 00:01:11,71.23,00:01:11
jeans-navy,129,140,0.65,3,2,0.00714,1,372,0 days 00:00:49,49.14,00:00:49
polo-blue,137,155,0.45806,9,6,0.0,0,661,0 days 00:01:51,111.4,00:01:51
t-shirt-white,24,32,0.59375,1,0,0.0,0,125,0 days 00:03:29,209.62,00:03:29
t-shirt-black,488,504,0.76388,7,2,0.00198,1,889,0 days 00:00:52,52.73,00:00:52
Jacket-olive,28,33,0.51515,0,0,0.0,0,104,0 days 00:02:40,160.69,00:02:40
jeans-blue,115,146,0.63698,3,4,0.00684,1,353,0 days 00:01:26,86.8,00:01:26
Sweatshirt-navy,8,9,0.55555,0,1,0.04761,1,37,0 days 00:02:40,160.11,00:02:40
polo-white,294,333,0.62162,9,12,0.01501,5,948,0 days 00:01:51,111.93,00:01:51
jeans-blue,559,627,0.63476,22,15,0.00797,5,1822,0 days 00:02:00,120.46,00:02:00
t-shirt-white,34,39,0.51282,0,1,0.02564,1,138,0 days 00:02:30,150.87,00:02:30
Jacket-green,16,31,0.70967,0,0,0.0,0,67,0 days 00:01:01,61.93,00:01:01
jeans-navy,166,185,0.64864,5,3,0.0054,1,530,0 days 00:01:45,105.67,00:01:45
polo-black,308,342,0.52339,22,16,0.02046,7,1624,0 days 00:02:43,163.43,00:02:43
polo-petrol,409,466,0.4375,16,12,0.01072,5,1882,0 days 00:02:57,177.37,00:02:57
Trouser-black,303,321,0.51713,7,6,0.00623,2,934,0 days 00:01:31,91.58,00:01:31
polo-brown,172,193,0.68393,5,3,0.0,0,397,0 days 00:00:49,49.12,00:00:49
t-shirt-black,734,750,0.784,21,0,0.0,0,1100,0 days 00:00:29,29.85,00:00:29
t-shirt-black,180,203,0.70935,9,7,0.00985,2,502,0 days 00:01:30,90.28,00:01:30
Sweatshirt-white,38,50,0.62,0,0,0.0,0,102,0 days 00:01:07,67.54,00:01:07
Jacket-mustard,91,92,0.51086,2,2,0.01086,1,337,0 days 00:02:18,138.01,00:02:18
Trouser-navy,243,264,0.75378,6,0,0.0,0,558,0 days 00:00:50,50.2,00:00:50
jeans-navy,327,335,0.80298,9,1,0.00298,1,474,0 days 00:00:21,21.06,00:00:21
t-shirt-purple,25,28,0.71428,0,2,0.0,0,102,0 days 00:01:45,105.5,00:01:45
jeans-navy,1719,1871,0.74391,50,20,0.00286,6,3681,0 days 00:00:46,46.73,00:00:46
Trouser-khaki,806,872,0.74311,19,5,0.00458,4,1668,0 days 00:00:54,54.01,00:00:54
Trouser-purple,1212,1245,0.75261,32,3,0.0,0,1940,0 days 00:00:48,48.16,00:00:48
t-shirt-white,735,782,0.59207,42,26,0.00639,5,2221,0 days 00:01:40,100.81,00:01:40
Jacket-beige,283,333,0.57357,2,2,0.006,2,897,0 days 00:02:17,137.92000000000002,00:02:17
t-shirt-navy,21,25,0.48,2,0,0.0,0,72,0 days 00:01:53,113.04,00:01:53
t-shirt-purple,44,46,0.5,4,0,0.0,0,115,0 days 00:00:55,55.54,00:00:55
t-shirt-white,5,5,0.4375,0,0,0.0,0,13,0 days 00:08:30,510.8,00:08:30
t-shirt-pink,122,154,0.55844,7,6,0.01948,3,507,0 days 00:02:04,124.05,00:02:04
Sweatshirt-peach,233,244,0.76639,8,0,0.0,0,393,0 days 00:00:25,25.26,00:00:25
Trouser-black,428,477,0.67714,2,6,0.00628,3,1202,0 days 00:01:51,111.07,00:01:51
polo-pink,106,111,0.45945,4,4,0.01801,2,408,0 days 00:01:59,119.81,00:01:59
t-shirt-lilac,7,9,0.77777,0,0,0.0,0,12,0 days 00:00:08,8.22,00:00:08
polo-white,1719,1871,0.7011,50,2,0.0,0,3888,0 days 00:00:38,38.97,00:00:38
Trouser-navy,1719,1871,0.62685,50,26,0.00522,13,4541,0 days 00:01:21,81.61,00:01:21
t-shirt-pink,490,540,0.66481,6,4,0.0,0,1211,0 days 00:00:58,58.39,00:00:58
Sweatshirt-pink,14,15,0.53333,0,0,0.0,0,29,0 days 00:01:43,103.06,00:01:43
polo-peach,59,72,0.56944,2,1,0.01388,1,238,0 days 00:02:01,121.4,00:02:01
jeans-blue,533,629,0.53736,26,18,0.00635,4,1994,0 days 00:02:01,121.25,00:02:01
Trouser-petrol,118,135,0.57777,5,3,0.0,0,516,0 days 00:02:53,173.36,00:02:53
t-shirt-white,42,44,0.75,0,0,0.0,0,94,0 days 00:01:39,99.95,00:01:39
t-shirt-white,1297,1337,0.75093,50,3,0.0,0,2207,0 days 00:00:49,49.22,00:00:49
t-shirt-purple,813,840,0.74761,27,0,0.0,0,1368,0 days 00:00:34,34.05,00:00:34
Trouser-petrol,330,362,0.69889,4,4,0.00828,3,783,0 days 00:00:53,53.03,00:00:53
jeans-blue,417,485,0.58144,22,26,0.01649,8,1564,0 days 00:02:24,144.64,00:02:24
t-shirt-blue,118,129,0.54263,6,1,0.0,0,432,0 days 00:01:45,105.58,00:01:45
t-shirt-maroon,46,50,0.6,2,0,0.0,0,160,0 days 00:01:47,107.6,00:01:47
t-shirt-rust,309,335,0.61791,5,6,0.00895,3,747,0 days 00:01:05,65.14,00:01:05
t-shirt-rust,23,31,0.48387,3,1,0.03225,1,147,0 days 00:03:56,236.19,00:03:56
jeans-blue,200,228,0.64035,6,6,0.02192,5,578,0 days 00:01:56,116.85,00:01:56
Jacket-blue,1719,1871,0.63253,50,26,0.00672,26,4541,0 days 00:01:40,100.56,00:01:40
Sweatshirt-petrol,999,1113,0.56513,24,17,0.00359,4,2909,0 days 00:01:29,89.7,00:01:29
Trouser-black,193,202,0.75742,1,0,0.0,0,367,0 days 00:01:04,64.47,00:01:04
polo-petrol,641,679,0.4375,31,26,0.01325,9,4114,0 days 00:03:29,209.69,00:03:29
Jacket-navy,694,773,0.73221,3,1,0.0,0,1376,0 days 00:00:57,57.57,00:00:57
t-shirt-grey,1702,1827,0.72742,44,20,0.00273,5,3402,0 days 00:00:52,52.64,00:00:52
polo-olive,301,346,0.58092,5,1,0.0,0,1115,0 days 00:01:40,100.5,00:01:40
Sweatshirt-black,15,17,0.52941,1,0,0.0,0,45,0 days 00:02:06,126.52,00:02:06
Sweatshirt-black,1719,1871,0.65135,50,26,0.00785,26,4541,0 days 00:01:26,86.09,00:01:26
Trouser-olive,58,72,0.69444,2,5,0.01388,1,282,0 days 00:02:59,179.31,00:02:59
Jacket-green,14,16,0.8125,1,0,0.0,0,24,0 days 00:01:18,78.18,00:01:18
Trouser-mustard,1719,1871,0.61408,50,26,0.00554,26,4541,0 days 00:01:25,85.35,00:01:25
t-shirt-yellow,17,34,0.84293,2,0,0.0,0,96,0 days 00:00:57,57.7,00:00:57
Trouser-black,214,232,0.56896,8,2,0.00431,1,731,0 days 00:02:23,143.88,00:02:23
polo-navy,254,285,0.57192,7,3,0.0,0,983,0 days 00:02:10,130.69,00:02:10
polo-beige,268,283,0.69964,3,2,0.00353,1,597,0 days 00:00:43,43.09,00:00:43
t-shirt-navy,11,13,0.6923,0,0,0.0,0,34,0 days 00:03:23,203.3,00:03:23
t-shirt-blue,327,336,0.55357,12,7,0.00892,3,1048,0 days 00:02:26,146.96,00:02:26
t-shirt-grey,326,347,0.84293,3,2,0.00288,1,583,0 days 00:00:26,26.21,00:00:26
t-shirt-green,35,38,0.71052,1,1,0.02631,1,89,0 days 00:01:10,70.55,00:01:10
Sweatshirt-sweatshirt,963,1048,0.62022,24,11,0.0019,2,2268,0 days 00:00:56,56.31,00:00:56
t-shirt-navy,27,36,0.61111,0,1,0.0,0,73,0 days 00:01:20,80.55,00:01:20
t-shirt-purple,77,99,0.65656,4,2,0.0101,1,400,0 days 00:02:41,161.25,00:02:41
t-shirt-yellow,13,14,0.84293,0,0,0.0,0,18,0 days 00:00:08,8.42,00:00:08
t-shirt-blue,39,40,0.84293,0,0,0.0,0,45,0 days 00:00:02,2.15,00:00:02
Trouser-blue,54,61,0.55737,2,0,0.0,0,191,0 days 00:02:25,145.8,00:02:25
Trouser-blue,608,662,0.58006,27,10,0.00151,1,1990,0 days 00:01:14,74.03,00:01:14
jeans-blue,150,171,0.66081,3,4,0.00584,1,489,0 days 00:02:10,130.38,00:02:10
Trouser-white,840,897,0.71237,21,7,0.00334,3,1976,0 days 00:01:02,62.84,00:01:02
t-shirt-olive,312,358,0.71787,11,12,0.01396,5,899,0 days 00:01:12,72.13,00:01:12
t-shirt-navy,258,298,0.63422,12,8,0.01677,5,1001,0 days 00:02:15,135.7,00:02:15
t-shirt-yellow,69,72,0.55555,2,3,0.04166,3,206,0 days 00:01:03,63.16,00:01:03
Trouser-green,126,146,0.64383,5,4,0.02054,3,368,0 days 00:01:22,82.15,00:01:22
polo-green,623,1267,0.84293,6,0,0.0,0,1587,0 days 00:00:32,32.61,00:00:32
Jacket-orange,130,143,0.48251,3,0,0.0,0,539,0 days 00:01:48,108.63,00:01:48
Trouser-blue,8,16,0.5625,0,0,0.0,0,53,0 days 00:02:19,139.06,00:02:19
t-shirt-purple,4,5,0.5,1,1,0.04761,1,22,0 days 00:08:27,507.25,00:08:27
polo-pink,130,146,0.56849,5,8,0.01369,2,511,0 days 00:02:45,165.66,00:02:45
Trouser-navy,138,165,0.57575,4,3,0.00606,1,433,0 days 00:01:30,90.9,00:01:30
Trouser-red,1310,1451,0.45761,50,26,0.01033,15,4541,0 days 00:01:31,91.68,00:01:31
Jacket-olive,676,721,0.60055,7,4,0.00277,2,1921,0 days 00:01:38,98.17,00:01:38
polo-navy,16,18,0.44444,2,3,0.04761,2,87,0 days 00:02:40,160.94,00:02:40
polo-mustard,5,11,0.81818,0,0,0.0,0,13,0 days 00:00:05,5.72,00:00:05
Trouser-olive,1719,1871,0.60113,50,26,0.00379,8,4541,0 days 00:01:43,103.91,00:01:43
Trouser-grey,955,1088,0.66084,35,23,0.00919,10,2572,0 days 00:01:24,84.47,00:01:24
t-shirt-pink,397,410,0.8,5,0,0.0,0,676,0 days 00:00:30,30.99,00:00:30
jeans-navy,86,107,0.72897,0,1,0.00934,1,216,0 days 00:01:01,61.71,00:01:01
t-shirt-coral,32,36,0.44444,2,1,0.0,0,137,0 days 00:02:12,132.55,00:02:12
t-shirt-white,23,27,0.62962,2,0,0.0,0,82,0 days 00:01:16,76.59,00:01:16
t-shirt-pink,35,39,0.82051,1,0,0.0,0,70,0 days 00:01:17,77.33,00:01:17
Jacket-jacket,8,8,0.84293,0,0,0.0,0,10,0 days 00:00:01,1.75,00:00:01
polo-orange,5,5,0.4375,0,0,0.0,0,87,0 days 00:12:09,729.2,00:12:09
t-shirt-green,504,519,0.78227,12,1,0.0,0,818,0 days 00:00:24,24.26,00:00:24
polo-purple,68,87,0.5977,4,2,0.0,0,279,0 days 00:02:28,148.6,00:02:28
Sweatshirt-green,12,15,0.66666,0,1,0.0,0,35,0 days 00:02:49,169.2,00:02:49
Trouser-blue,277,309,0.51779,12,9,0.0097,3,1089,0 days 00:02:14,134.97,00:02:14
Jacket-green,93,104,0.46153,1,1,0.00961,1,324,0 days 00:02:10,130.12,00:02:10
polo-blue,10,13,0.6923,1,1,0.0,0,28,0 days 00:00:33,33.84,00:00:33
Sweatshirt-orange,18,20,0.8,0,0,0.0,0,27,0 days 00:01:16,76.05,00:01:16
t-shirt-olive,249,273,0.53479,14,7,0.00732,2,1088,0 days 00:02:11,131.08,00:02:11
Jacket-black,191,210,0.57142,6,6,0.00476,1,542,0 days 00:01:15,75.93,00:01:15
Trouser-beige,20,48,0.72916,0,0,0.0,0,91,0 days 00:02:22,142.5,00:02:22
t-shirt-peach,88,93,0.51612,1,1,0.0,0,338,0 days 00:02:20,140.81,00:02:20
polo-purple,290,318,0.60691,4,1,0.0,0,812,0 days 00:01:11,71.95,00:01:11
Trouser-navy,215,252,0.5238,8,4,0.00396,1,812,0 days 00:01:38,98.93,00:01:38
t-shirt-white,354,409,0.60146,12,10,0.00733,3,1000,0 days 00:01:58,118.5,00:01:58
Trouser-beige,573,602,0.7774,19,4,0.00332,2,962,0 days 00:00:30,30.42,00:00:30
polo-turq,188,206,0.59708,6,6,0.0,0,524,0 days 00:01:26,86.2,00:01:26
jeans-grey,286,314,0.64331,6,1,0.00318,1,620,0 days 00:01:28,88.82,00:01:28
t-shirt-purple,1719,1871,0.7239,50,5,0.0,0,4541,0 days 00:00:37,37.84,00:00:37
t-shirt-green,711,755,0.57748,37,12,0.00662,5,2284,0 days 00:01:37,97.15,00:01:37
Trouser-green,553,655,0.63816,12,6,0.00458,3,1584,0 days 00:01:26,86.2,00:01:26
t-shirt-navy,121,143,0.53146,3,1,0.0,0,562,0 days 00:04:08,248.27,00:04:08
Jacket-pink,184,225,0.48888,5,3,0.00888,2,778,0 days 00:02:39,159.76,00:02:39
polo-yellow,75,97,0.68041,4,2,0.02061,2,231,0 days 00:01:43,103.55,00:01:43
Sweatshirt-white,55,67,0.64179,3,1,0.01492,1,203,0 days 00:02:15,135.11,00:02:15
t-shirt-grey,156,171,0.59064,7,6,0.00584,1,511,0 days 00:01:28,88.98,00:01:28
Jacket-white,159,201,0.70149,0,7,0.00995,2,465,0 days 00:01:16,76.87,00:01:16
polo-olive,98,114,0.58771,6,3,0.01754,2,348,0 days 00:01:54,114.69,00:01:54
Jacket-olive,18,18,0.55555,1,0,0.0,0,42,0 days 00:02:42,162.88,00:02:42
Trouser-blue,99,105,0.65714,1,2,0.01904,2,308,0 days 00:02:19,139.49,00:02:19
t-shirt-navy,84,99,0.55555,4,3,0.0202,2,374,0 days 00:02:09,129.58,00:02:09
polo-teal,1250,1324,0.58912,47,26,0.00981,13,3038,0 days 00:01:10,70.6,00:01:10
t-shirt-black,19,20,0.65,0,0,0.0,0,35,0 days 00:02:55,175.85,00:02:55
polo-green,58,81,0.45679,1,2,0.01234,1,255,0 days 00:01:51,111.66,00:01:51
t-shirt-purple,415,455,0.66373,14,15,0.01758,8,1088,0 days 00:01:01,61.99,00:01:01
Sweatshirt-orange,128,139,0.65467,1,1,0.0,0,336,0 days 00:01:45,105.34,00:01:45
Jacket-black,18,23,0.82608,0,0,0.0,0,70,0 days 00:01:51,111.56,00:01:51
t-shirt-white,18,19,0.57894,0,1,0.0,0,83,0 days 00:03:36,216.78,00:03:36
Sweatshirt-petrol,441,484,0.66115,9,3,0.0,0,1082,0 days 00:00:50,50.96,00:00:50
Trouser-white,1130,1203,0.63674,28,15,0.00166,2,2695,0 days 00:01:06,66.8,00:01:06
t-shirt-blue,6,7,0.4375,0,0,0.0,0,17,0 days 00:05:08,308.28,00:05:08
t-shirt-navy,447,476,0.57563,19,19,0.0126,6,1495,0 days 00:02:08,128.66,00:02:08
Trouser-beige,8,8,0.75,0,1,0.0,0,59,0 days 00:03:28,208.5,00:03:28
t-shirt-turquoise,241,255,0.57647,9,5,0.0,0,681,0 days 00:01:39,99.85,00:01:39
Sweatshirt-black,84,91,0.81318,2,0,0.0,0,160,0 days 00:01:52,112.15,00:01:52
t-shirt-purple,1719,1871,0.58408,47,26,0.00452,10,4541,0 days 00:01:49,109.4,00:01:49
Sweatshirt-brown,61,66,0.46969,1,0,0.0,0,174,0 days 00:01:57,117.37,00:01:57
t-shirt-white,53,57,0.71929,2,1,0.01754,1,153,0 days 00:01:02,62.35,00:01:02
t-shirt-navy,65,88,0.76136,1,2,0.0,0,240,0 days 00:01:19,79.64,00:01:19
Sweatshirt-green,19,21,0.7619,0,0,0.0,0,46,0 days 00:00:29,29.23,00:00:29
jeans-black,7,7,0.4375,0,0,0.0,0,13,0 days 00:00:23,23.85,00:00:23
Jacket-green,445,501,0.57684,5,4,0.00399,2,1246,0 days 00:01:56,116.84,00:01:56
Trouser-grey,223,252,0.62698,7,5,0.0119,3,705,0 days 00:02:29,149.15,00:02:29
jeans-navy,138,150,0.63333,7,5,0.02,3,393,0 days 00:01:16,76.61,00:01:16
polo-green,740,786,0.70229,10,3,0.00127,1,1623,0 days 00:01:25,85.73,00:01:25
t-shirt-purple,23,33,0.66666,0,1,0.0,0,89,0 days 00:02:41,161.69,00:02:41
t-shirt-green,51,61,0.68852,1,1,0.0,0,117,0 days 00:01:03,63.44,00:01:03
polo-purple,247,279,0.60573,8,11,0.01792,5,767,0 days 00:02:11,131.17,00:02:11
t-shirt-white,52,69,0.69565,1,6,0.04347,3,222,0 days 00:03:21,201.73,00:03:21
polo-navy,39,54,0.77777,1,1,0.01851,1,93,0 days 00:01:13,73.85,00:01:13
polo-green,37,44,0.63636,1,1,0.0,0,127,0 days 00:03:03,183.38,00:03:03
jeans-black,125,141,0.6312,3,4,0.00709,1,377,0 days 00:01:21,81.58,00:01:21
Sweatshirt-mustard,39,43,0.76744,0,0,0.0,0,87,0 days 00:01:39,99.72,00:01:39
polo-orange,25,34,0.73529,0,0,0.0,0,71,0 days 00:01:55,115.79,00:01:55
Jacket-green,298,331,0.58006,6,3,0.0,0,1055,0 days 00:02:05,125.12,00:02:05
Jacket-navy,356,407,0.60442,16,7,0.00982,4,1196,0 days 00:02:11,131.42,00:02:11
Sweatshirt-prune,27,27,0.66666,1,1,0.03703,1,139,0 days 00:02:38,158.25,00:02:38
t-shirt-yellow,19,22,0.68181,1,0,0.0,0,98,0 days 00:01:49,109.9,00:01:49
polo-white,803,878,0.64578,16,13,0.01025,9,2202,0 days 00:02:32,152.81,00:02:32
Jacket-blue,27,30,0.56666,2,0,0.0,0,89,0 days 00:03:39,219.03,00:03:39
polo-pink,7,7,0.4375,0,0,0.0,0,26,0 days 00:04:38,278.14,00:04:38
Trouser-trouser,1719,1871,0.61785,50,26,0.0054,14,4541,0 days 00:01:35,95.2,00:01:35
t-shirt-grey,511,571,0.62697,17,7,0.00175,1,1288,0 days 00:01:02,62.77,00:01:02
t-shirt-blue,13,13,0.4375,0,0,0.0,0,41,0 days 00:02:17,137.23,00:02:17
jeans-blue,501,545,0.56146,12,6,0.00183,1,1476,0 days 00:01:34,94.1,00:01:34
t-shirt-blue,19,20,0.6,0,0,0.0,0,33,0 days 00:00:45,45.95,00:00:45
t-shirt-black,274,278,0.76258,5,0,0.0,0,502,0 days 00:00:43,43.99,00:00:43
t-shirt-purple,176,205,0.55609,10,11,0.00975,2,813,0 days 00:02:14,134.09,00:02:14
Jacket-green,128,136,0.70588,4,1,0.0,0,260,0 days 00:01:03,63.08,00:01:03
Trouser-navy,123,135,0.62962,1,0,0.0,0,317,0 days 00:01:36,96.84,00:01:36
t-shirt-grey,13,13,0.4375,0,0,0.0,0,47,0 days 00:04:43,283.76,00:04:43
t-shirt-brown,11,13,0.61538,0,0,0.0,0,38,0 days 00:02:13,133.3,00:02:13
Jacket-blue,164,184,0.52173,2,5,0.02173,4,612,0 days 00:02:06,126.01,00:02:06
Trouser-pink,205,224,0.64732,5,2,0.0,0,541,0 days 00:01:23,83.06,00:01:23
t-shirt-white,33,44,0.5909,1,0,0.0,0,133,0 days 00:02:32,152.65,00:02:32
polo-purple,13,13,0.53846,0,0,0.0,0,35,0 days 00:00:54,54.53,00:00:54
polo-black,512,547,0.64899,15,8,0.00548,3,1232,0 days 00:01:02,62.84,00:01:02
t-shirt-black,874,934,0.70021,18,8,0.00214,2,1741,0 days 00:00:46,46.55,00:00:46
Sweatshirt-blue,74,82,0.63414,1,1,0.0,0,157,0 days 00:00:50,50.31,00:00:50
t-shirt-navy,58,63,0.68253,2,1,0.01587,1,159,0 days 00:02:53,173.96,00:02:53
polo-green,217,248,0.60483,7,8,0.00806,2,666,0 days 00:01:34,94.33,00:01:34
Jacket-beige,546,599,0.58597,12,7,0.00333,2,1418,0 days 00:01:44,104.14,00:01:44
Trouser-beige,371,423,0.65248,8,9,0.00472,2,1414,0 days 00:02:21,141.47,00:02:21
Trouser-petrol,245,265,0.68679,8,1,0.00377,1,495,0 days 00:00:46,46.62,00:00:46
t-shirt-black,397,409,0.77506,13,2,0.0,0,664,0 days 00:00:37,37.01,00:00:37
t-shirt-green,8,12,0.66666,0,0,0.0,0,34,0 days 00:04:35,275.08,00:04:35
t-shirt-green,12,13,0.61538,0,0,0.0,0,22,0 days 00:01:05,65.3,00:01:05
Trouser-grey,333,350,0.68571,4,7,0.00857,3,886,0 days 00:02:00,120.9,00:02:00
t-shirt-black,69,72,0.63888,2,2,0.01388,1,185,0 days 00:01:27,87.73,00:01:27
t-shirt-olive,23,27,0.59259,2,0,0.0,0,76,0 days 00:00:57,57.62,00:00:57
t-shirt-white,30,33,0.63636,2,1,0.0,0,91,0 days 00:01:49,109.54,00:01:49
jeans-navy,671,698,0.77363,11,1,0.0,0,1080,0 days 00:00:37,37.45,00:00:37
polo-purple,1719,1871,0.57963,50,26,0.00802,19,4541,0 days 00:00:54,54.98,00:00:54
polo-yellow,1719,1871,0.47495,50,26,0.00966,22,4541,0 days 00:01:55,115.76,00:01:55
Trouser-brown,99,103,0.59223,2,1,0.0,0,210,0 days 00:01:09,69.5,00:01:09
Trouser-pink,55,60,0.4375,3,0,0.0,0,218,0 days 00:01:15,75.83,00:01:15
Trouser-blue,581,650,0.59076,13,9,0.00307,2,2116,0 days 00:01:40,100.06,00:01:40
Trouser-green,44,61,0.60655,3,1,0.0,0,193,0 days 00:01:34,94.18,00:01:34
polo-purple,434,486,0.68724,13,8,0.00617,3,1075,0 days 00:01:41,101.0,00:01:41
Trouser-navy,32,41,0.51219,0,0,0.0,0,119,0 days 00:01:23,83.97,00:01:23
t-shirt-petrol,126,138,0.55797,6,6,0.00724,1,502,0 days 00:01:57,117.68,00:01:57
jeans-blue,833,909,0.65896,17,14,0.0066,6,2035,0 days 00:01:14,74.24,00:01:14
Sweatshirt-beige,8,8,0.84293,0,0,0.0,0,21,0 days 00:01:19,79.37,00:01:19
Jacket-olive,148,154,0.72727,0,0,0.0,0,280,0 days 00:00:55,55.72,00:00:55
t-shirt-purple,1719,1871,0.74761,50,6,0.00047,1,3385,0 days 00:00:33,33.08,00:00:33
Trouser-trouser,11,12,0.84293,0,0,0.0,0,13,0 days 00:00:00,0.41,00:00:00
Trouser-navy,45,54,0.66666,0,1,0.01851,1,135,0 days 00:01:23,83.03,00:01:23
t-shirt-black,1719,1871,0.48552,50,26,0.00547,21,4541,0 days 00:03:03,183.07,00:03:03
Trouser-khaki,316,348,0.64942,5,3,0.0,0,860,0 days 00:01:25,85.61,00:01:25
Trouser-olive,57,66,0.5303,1,1,0.0,0,241,0 days 00:02:06,126.89,00:02:06
Trouser-orange,95,115,0.52173,2,4,0.01739,2,356,0 days 00:03:20,200.33,00:03:20
Sweatshirt-navy,65,82,0.65853,2,2,0.01219,1,166,0 days 00:01:22,82.21000000000001,00:01:22
jeans-white,109,120,0.66666,4,0,0.0,0,266,0 days 00:01:44,104.96,00:01:44
Jacket-navy,835,924,0.64826,14,7,0.00216,2,2096,0 days 00:01:16,76.19,00:01:16
Sweatshirt-teal,23,23,0.82608,0,0,0.0,0,29,0 days 00:00:27,27.69,00:00:27
Jacket-maroon,344,377,0.5809,7,5,0.0053,2,1070,0 days 00:01:48,108.32,00:01:48
Jacket-coffee,6,7,0.84293,0,0,0.0,0,10,0 days 00:00:01,1.71,00:00:01
t-shirt-white,18,18,0.55555,2,0,0.0,0,28,0 days 00:01:33,93.88,00:01:33
Sweatshirt-grey,29,29,0.44827,2,0,0.0,0,96,0 days 00:01:28,88.51,00:01:28
polo-yellow,183,201,0.62189,2,4,0.00995,2,505,0 days 00:00:52,52.93,00:00:52
t-shirt-green,578,620,0.6387,18,8,0.00483,3,1486,0 days 00:01:08,68.32,00:01:08
Sweatshirt-blue,8,8,0.5,0,0,0.0,0,18,0 days 00:00:43,43.62,00:00:43
Trouser-navy,65,71,0.54929,3,2,0.01408,1,277,0 days 00:03:41,221.05,00:03:41
t-shirt-white,38,42,0.7619,1,1,0.0,0,82,0 days 00:00:49,49.33,00:00:49
t-shirt-white,35,46,0.71739,1,1,0.0,0,78,0 days 00:01:27,87.43,00:01:27
Trouser-grey,276,311,0.57877,8,5,0.00321,1,1015,0 days 00:02:08,128.68,00:02:08
Jacket-green,12,37,0.4375,1,0,0.0,0,79,0 days 00:10:10,610.67,00:10:10
t-shirt-blue,65,69,0.52173,3,1,0.0,0,233,0 days 00:02:16,136.28,00:02:16
t-shirt-white,44,48,0.75,0,0,0.0,0,85,0 days 00:00:53,53.79,00:00:53
jeans-blue,754,843,0.65243,29,21,0.01186,10,2233,0 days 00:01:57,117.69,00:01:57
Trouser-green,14,16,0.5,0,0,0.0,0,60,0 days 00:03:28,208.37,00:03:28
t-shirt-petrol,1707,1819,0.63056,28,16,0.00219,4,4400,0 days 00:00:53,53.45,00:00:53
Trouser-olive,291,317,0.60252,9,6,0.0063,2,889,0 days 00:01:16,76.76,00:01:16
Sweatshirt-green,14,14,0.71428,0,0,0.0,0,22,0 days 00:00:09,9.28,00:00:09
polo-blue,40,51,0.68627,0,0,0.0,0,95,0 days 00:01:14,74.86,00:01:14
t-shirt-navy,770,792,0.54166,21,14,0.00631,5,2604,0 days 00:01:35,95.05,00:01:35
t-shirt-black,96,106,0.59433,5,2,0.0,0,400,0 days 00:01:27,87.49,00:01:27
polo-white,1042,1104,0.7826,20,1,0.0,0,1900,0 days 00:00:43,43.04,00:00:43
t-shirt-maroon,8,8,0.4375,0,0,0.0,0,19,0 days 00:03:16,196.37,00:03:16
Trouser-white,78,83,0.68674,8,3,0.02409,2,229,0 days 00:01:21,81.36,00:01:21
t-shirt-olive,102,120,0.71666,2,3,0.00833,1,251,0 days 00:01:04,64.72,00:01:04
Trouser-olive,154,169,0.66863,4,4,0.00591,1,449,0 days 00:01:39,99.89,00:01:39
jeans-navy,18,18,0.66666,1,0,0.0,0,50,0 days 00:02:12,132.72,00:02:12
Jacket-purple,200,218,0.6422,1,1,0.00458,1,526,0 days 00:01:45,105.51,00:01:45
Sweatshirt-yellow,89,118,0.84293,1,1,0.00847,1,165,0 days 00:00:26,26.16,00:00:26
t-shirt-yellow,1719,1871,0.71512,50,13,0.00106,2,3880,0 days 00:00:46,46.95,00:00:46
Jacket-navy,117,134,0.53731,2,1,0.00746,1,362,0 days 00:02:32,152.85,00:02:32
Trouser-black,1083,1197,0.67585,28,21,0.00501,6,2728,0 days 00:01:26,86.2,00:01:26
t-shirt-navy,289,327,0.66055,8,6,0.0,0,713,0 days 00:01:06,66.03,00:01:06
Sweatshirt-petrol,40,40,0.825,0,1,0.025,1,67,0 days 00:00:15,15.85,00:00:15
jeans-black,119,136,0.58823,5,3,0.00735,1,484,0 days 00:02:46,166.28,00:02:46
t-shirt-peach,108,133,0.80451,2,2,0.01503,2,268,0 days 00:01:15,75.57,00:01:15
Jacket-jacket,966,1019,0.64474,5,3,0.00196,2,2384,0 days 00:01:32,92.32,00:01:32
Trouser-olive,1719,1871,0.72136,44,13,0.00207,7,4541,0 days 00:00:48,48.71,00:00:48
Jacket-green,100,112,0.64285,2,2,0.00892,1,307,0 days 00:02:04,124.1,00:02:04
Sweatshirt-white,82,86,0.68604,1,0,0.0,0,147,0 days 00:01:19,79.41,00:01:19
Sweatshirt-navy,11,11,0.63636,0,0,0.0,0,24,0 days 00:01:31,91.45,00:01:31
Sweatshirt-blue,14,14,0.71428,0,1,0.04761,1,51,0 days 00:02:58,178.35,00:02:58
Jacket-brown,147,156,0.62179,2,2,0.00641,1,366,0 days 00:01:53,113.63,00:01:53
Trouser-khaki,1001,1077,0.59888,26,12,0.00464,5,3219,0 days 00:01:34,94.02,00:01:34
t-shirt-mustrad,104,122,0.51639,2,3,0.01639,2,445,0 days 00:02:27,147.4,00:02:27
t-shirt-green,98,104,0.70192,0,0,0.0,0,225,0 days 00:00:42,42.51,00:00:42
Sweatshirt-olive,1541,1584,0.8005,42,0,0.0,0,2303,0 days 00:00:23,23.94,00:00:23
jeans-blue,20,20,0.6,1,0,0.0,0,60,0 days 00:04:40,280.65,00:04:40
t-shirt-black,297,325,0.79076,2,6,0.00923,3,598,0 days 00:00:45,45.55,00:00:45
Trouser-navy,620,811,0.56596,21,16,0.00616,5,2352,0 days 00:01:51,111.99,00:01:51
Sweatshirt-maroon,1317,1421,0.69669,17,12,0.00211,3,3017,0 days 00:01:03,63.03,00:01:03
t-shirt-red,122,159,0.69811,7,6,0.00628,1,452,0 days 00:01:24,84.78,00:01:24
t-shirt-olive,434,450,0.56,16,11,0.01333,6,1372,0 days 00:01:52,112.17,00:01:52
Jacket-red,283,306,0.62091,4,7,0.0098,3,794,0 days 00:01:31,91.62,00:01:31
polo-purple,100,110,0.6,2,3,0.00909,1,331,0 days 00:02:39,159.65,00:02:39
Jacket-black,15,21,0.61904,0,0,0.0,0,48,0 days 00:01:23,83.14,00:01:23
t-shirt-beige,16,17,0.58823,1,2,0.04761,1,100,0 days 00:04:14,254.17,00:04:14
polo-pink,109,127,0.48818,1,4,0.00787,1,473,0 days 00:01:32,92.82,00:01:32
Sweatshirt-yellow,567,591,0.70896,30,2,0.0,0,1156,0 days 00:00:49,49.69,00:00:49
Trouser-black,14,18,0.66666,1,2,0.0,0,65,0 days 00:02:14,134.44,00:02:14
t-shirt-yellow,25,27,0.48148,0,4,0.03703,1,112,0 days 00:03:42,222.77,00:03:42
polo-grey,602,1403,0.84293,3,0,0.0,0,1585,0 days 00:00:20,20.37,00:00:20
Trouser-beige,468,545,0.71376,8,13,0.011,6,1389,0 days 00:01:42,102.98,00:01:42
t-shirt-beige,152,165,0.67878,4,2,0.00606,1,338,0 days 00:01:24,84.02,00:01:24
jeans-black,117,173,0.84293,0,0,0.0,0,279,0 days 00:00:57,57.51,00:00:57
jeans-white,550,634,0.6388,19,17,0.00946,6,1582,0 days 00:01:41,101.56,00:01:41
polo-olive,877,956,0.60878,24,7,0.00627,6,2506,0 days 00:01:36,96.47,00:01:36
t-shirt-purple,1057,1097,0.567,38,15,0.00273,3,3198,0 days 00:01:25,85.35,00:01:25
Trouser-purple,13,27,0.59259,0,0,0.0,0,61,0 days 00:02:12,132.44,00:02:12
polo-pink,123,134,0.56716,2,1,0.0,0,430,0 days 00:01:35,95.66,00:01:35
t-shirt-black,475,507,0.66469,24,12,0.00394,2,1217,0 days 00:01:15,75.74,00:01:15
Trouser-khaki,1693,1871,0.55387,50,26,0.01145,22,4541,0 days 00:01:46,106.79,00:01:46
polo-yellow,5,9,0.66666,0,0,0.0,0,13,0 days 00:01:02,62.22,00:01:02
Trouser-white,4,5,0.75,0,0,0.0,0,22,0 days 00:01:47,107.5,00:01:47
polo-blue,32,36,0.77777,0,0,0.0,0,56,0 days 00:00:07,7.61,00:00:07
t-shirt-black,70,76,0.63157,4,1,0.0,0,227,0 days 00:01:32,92.25,00:01:32
Sweatshirt-maroon,10,11,0.63636,0,0,0.0,0,16,0 days 00:00:12,12.54,00:00:12
Trouser-maroon,224,245,0.68163,6,5,0.00816,2,606,0 days 00:01:46,106.03,00:01:46
jeans-blue,207,234,0.6282,10,7,0.0,0,645,0 days 00:01:23,83.02,00:01:23
t-shirt-petrol,105,121,0.55371,7,5,0.01652,2,363,0 days 00:01:38,98.86,00:01:38
Trouser-khaki,305,418,0.55741,12,9,0.00956,4,1328,0 days 00:02:16,136.65,00:02:16
t-shirt-blue,44,47,0.82978,0,2,0.0,0,67,0 days 00:00:13,13.46,00:00:13
Trouser-petrol,59,71,0.46478,5,4,0.04225,3,419,0 days 00:04:54,294.76,00:04:54
Sweatshirt-mustard,236,256,0.64453,6,2,0.0039,1,616,0 days 00:01:53,113.5,00:01:53
polo-white,124,152,0.53947,9,6,0.01315,2,523,0 days 00:02:08,128.06,00:02:08
t-shirt-brown,5,7,0.71428,0,0,0.0,0,16,0 days 00:01:27,87.71000000000001,00:01:27
jeans-blue,4,5,0.4375,0,1,0.0,0,34,0 days 00:02:50,170.2,00:02:50
polo-white,774,1143,0.79352,14,9,0.00349,4,1819,0 days 00:00:57,57.53,00:00:57
jeans-blue,33,41,0.65853,2,1,0.0,0,111,0 days 00:02:24,144.17000000000002,00:02:24
t-shirt-white,785,862,0.67169,27,20,0.00464,4,1984,0 days 00:01:18,78.39,00:01:18
jeans-blue,87,118,0.73728,4,1,0.00847,1,274,0 days 00:02:38,158.1,00:02:38
polo-navy,1719,1871,0.7799,50,26,0.00137,22,4541,0 days 00:00:35,35.83,00:00:35
t-shirt-rust,6,7,0.57142,0,0,0.0,0,15,0 days 00:01:20,80.14,00:01:20
Sweatshirt-purple,46,56,0.58928,1,0,0.0,0,187,0 days 00:02:33,153.6,00:02:33
Trouser-grey,41,49,0.44897,4,0,0.0,0,185,0 days 00:02:21,141.75,00:02:21
t-shirt-olive,5,7,0.84293,1,0,0.0,0,54,0 days 00:03:42,222.14,00:03:42
Trouser-white,50,64,0.59375,3,2,0.01562,1,211,0 days 00:01:55,115.39,00:01:55
polo-purple,681,1492,0.84293,8,0,0.0,0,1713,0 days 00:00:36,36.76,00:00:36
t-shirt-beige,874,887,0.73506,29,0,0.0,0,1368,0 days 00:00:29,29.07,00:00:29
polo-pink,334,375,0.65066,12,4,0.00533,2,928,0 days 00:01:31,91.1,00:01:31
t-shirt-petrol,172,197,0.65482,11,3,0.00507,1,561,0 days 00:01:25,85.55,00:01:25
Sweatshirt-black,53,58,0.62068,0,1,0.0,0,155,0 days 00:01:51,111.68,00:01:51
Jacket-olive,1719,1871,0.69141,50,26,0.00232,10,4541,0 days 00:01:27,87.26,00:01:27
Jacket-maroon,148,160,0.61875,3,1,0.0,0,366,0 days 00:01:40,100.48,00:01:40
Sweatshirt-petrol,211,231,0.56277,6,1,0.00432,1,651,0 days 00:03:36,216.16,00:03:36
t-shirt-grey,4,5,0.5,0,0,0.0,0,10,0 days 00:00:24,24.5,00:00:24
t-shirt-pink,7,12,0.66666,0,0,0.0,0,42,0 days 00:01:43,103.83,00:01:43
polo-brown,41,42,0.4375,0,0,0.0,0,142,0 days 00:01:57,117.5,00:01:57
t-shirt-blue,134,159,0.45283,9,9,0.01257,2,665,0 days 00:02:07,127.21,00:02:07
t-shirt-purple,119,228,0.84293,1,0,0.0,0,297,0 days 00:00:47,47.67,00:00:47
polo-black,310,326,0.67484,4,6,0.00306,1,659,0 days 00:00:52,52.03,00:00:52
Trouser-navy,46,50,0.7,2,0,0.0,0,97,0 days 00:01:02,62.04,00:01:02
polo-green,467,525,0.65142,26,15,0.00952,5,1374,0 days 00:01:32,92.4,00:01:32
t-shirt-white,702,831,0.52587,38,26,0.00722,6,3133,0 days 00:02:20,140.04,00:02:20
Jacket-green,559,592,0.60135,7,1,0.0,0,1395,0 days 00:01:10,70.43,00:01:10
t-shirt-peach,143,172,0.44186,7,6,0.0,0,812,0 days 00:03:02,182.55,00:03:02
Trouser-olive,1719,1871,0.76517,50,1,0.0,0,4541,0 days 00:00:32,32.37,00:00:32
t-shirt-turq,97,165,0.67878,2,4,0.0,0,406,0 days 00:02:09,129.26,00:02:09
Jacket-purple,45,59,0.69491,1,0,0.0,0,113,0 days 00:01:57,117.08,00:01:57
Sweatshirt-black,37,46,0.63043,1,2,0.0,0,147,0 days 00:01:48,108.26,00:01:48
t-shirt-maroon,35,41,0.82926,0,0,0.0,0,73,0 days 00:00:41,41.31,00:00:41
t-shirt-beige,112,148,0.82432,0,3,0.00675,1,263,0 days 00:03:05,185.7,00:03:05
t-shirt-purple,191,201,0.74129,4,2,0.0,0,321,0 days 00:00:26,26.84,00:00:26
t-shirt-blue,193,208,0.5673,2,4,0.0048,1,704,0 days 00:01:24,84.34,00:01:24
t-shirt-blue,39,48,0.52083,3,1,0.02083,1,172,0 days 00:01:14,74.52,00:01:14
t-shirt-white,23,34,0.70588,1,1,0.0,0,68,0 days 00:01:06,66.41,00:01:06
polo-pink,100,142,0.69718,2,5,0.00704,1,334,0 days 00:01:05,65.2,00:01:05
polo-brown,360,390,0.60256,3,8,0.01538,6,1121,0 days 00:01:46,106.17,00:01:46
t-shirt-green,911,928,0.5528,35,7,0.00215,2,2734,0 days 00:01:25,85.63,00:01:25
t-shirt-navy,1719,1871,0.80906,50,20,0.00092,4,4541,0 days 00:00:26,26.13,00:00:26
t-shirt-navy,75,79,0.70886,7,2,0.0,0,254,0 days 00:01:22,82.67,00:01:22
t-shirt-rust,5,5,0.4375,0,0,0.0,0,33,0 days 00:07:00,420.6,00:07:00
jeans-blue,411,509,0.79764,6,0,0.0,0,894,0 days 00:01:08,68.17,00:01:08
t-shirt-navy,58,62,0.53225,5,4,0.0,0,279,0 days 00:06:25,385.01,00:06:25
jeans-blue,11,12,0.83333,0,0,0.0,0,26,0 days 00:00:19,19.58,00:00:19
jeans-black,429,436,0.73623,18,0,0.0,0,719,0 days 00:00:32,32.53,00:00:32
t-shirt-navy,516,526,0.673,24,0,0.0,0,926,0 days 00:00:44,44.85,00:00:44
t-shirt-blue,1048,1150,0.52347,31,26,0.00782,9,3490,0 days 00:01:20,80.95,00:01:20
t-shirt-black,24,29,0.62068,4,0,0.0,0,83,0 days 00:01:03,63.27,00:01:03
jeans-grey,194,248,0.63709,9,3,0.00806,2,585,0 days 00:01:46,106.51,00:01:46
t-shirt-blue,89,112,0.47321,3,9,0.04464,5,507,0 days 00:02:38,158.03,00:02:38
polo-black,1719,1871,0.5912,50,26,0.00628,26,4541,0 days 00:01:01,61.64,00:01:01
polo-red,14,16,0.625,0,0,0.0,0,38,0 days 00:01:43,103.06,00:01:43
jeans-blue,371,413,0.71912,3,3,0.00484,2,824,0 days 00:00:48,48.82,00:00:48
Jacket-orange,23,23,0.52173,2,0,0.0,0,78,0 days 00:00:58,58.6,00:00:58
Trouser-black,39,41,0.78048,2,2,0.02439,1,124,0 days 00:02:25,145.95,00:02:25
t-shirt-pink,844,1067,0.58856,24,26,0.00749,8,2891,0 days 00:01:24,84.72,00:01:24
polo-purple,1188,1266,0.51342,20,16,0.00473,6,4541,0 days 00:02:27,147.94,00:02:27
t-shirt-olive,14,17,0.47058,0,1,0.0,0,71,0 days 00:01:50,110.23,00:01:50
polo-green,538,599,0.49081,16,18,0.01168,7,2326,0 days 00:02:12,132.16,00:02:12
Jacket-black,22,30,0.56666,1,0,0.0,0,86,0 days 00:01:24,84.33,00:01:24
t-shirt-blue,43,50,0.7,0,3,0.04,2,131,0 days 00:02:33,153.98,00:02:33
jeans-grey,56,58,0.55172,0,0,0.0,0,180,0 days 00:01:20,80.12,00:01:20
t-shirt-brown,240,275,0.56363,15,7,0.0,0,869,0 days 00:01:25,85.14,00:01:25
t-shirt-beige,236,277,0.71119,8,1,0.00361,1,602,0 days 00:01:05,65.01,00:01:05
t-shirt-green,49,57,0.64912,0,0,0.0,0,157,0 days 00:01:49,109.07,00:01:49
t-shirt-pink,12,13,0.53846,0,0,0.0,0,30,0 days 00:00:46,46.69,00:00:46
Trouser-blue,406,458,0.57205,16,15,0.00655,3,1412,0 days 00:01:42,102.9,00:01:42
Sweatshirt-blue,4,5,0.4375,0,0,0.0,0,10,0 days 00:01:35,95.66,00:01:35
Trouser-turq,18,18,0.55555,1,1,0.04761,1,88,0 days 00:04:52,292.55,00:04:52
polo-pink,173,208,0.6875,5,4,0.0,0,475,0 days 00:01:32,92.27,00:01:32
Trouser-grey,39,40,0.6,2,1,0.0,0,157,0 days 00:02:16,136.5,00:02:16
t-shirt-blue,1181,1283,0.77318,13,1,0.0,0,2147,0 days 00:00:48,48.38,00:00:48
t-shirt-green,4,5,0.4375,0,0,0.0,0,31,0 days 00:09:47,587.75,00:09:47
jeans-black,1122,1159,0.65314,23,11,0.00603,7,2423,0 days 00:00:59,59.31,00:00:59
Sweatshirt-turq,146,181,0.61878,8,2,0.0,0,590,0 days 00:01:55,115.43,00:01:55
t-shirt-olive,25,30,0.63333,3,1,0.03333,1,64,0 days 00:01:44,104.56,00:01:44
Jacket-green,1719,1871,0.51349,50,26,0.00179,5,4541,0 days 00:01:44,104.46,00:01:44
t-shirt-black,221,250,0.66,3,5,0.008,2,628,0 days 00:01:35,95.5,00:01:35
t-shirt-navy,83,92,0.6413,3,5,0.02173,2,209,0 days 00:01:20,80.91,00:01:20
jeans-blue,143,147,0.65306,6,0,0.0,0,359,0 days 00:00:46,46.76,00:00:46
Jacket-purple,14,22,0.68181,1,0,0.0,0,93,0 days 00:04:54,294.04,00:04:54
polo-maroon,301,358,0.57262,12,13,0.02513,9,1260,0 days 00:02:02,122.1,00:02:02
t-shirt-navy,23,24,0.45833,2,3,0.04166,1,113,0 days 00:03:14,194.08,00:03:14
t-shirt-pink,372,652,0.84293,5,1,0.00153,1,883,0 days 00:00:34,34.46,00:00:34
Jacket-brown,36,58,0.75862,1,2,0.0,0,105,0 days 00:01:45,105.96,00:01:45
Sweatshirt-white,54,65,0.61538,0,2,0.01538,1,139,0 days 00:02:02,122.69,00:02:02
polo-rust,39,63,0.71428,3,1,0.01587,1,177,0 days 00:01:00,60.52,00:01:00
Jacket-maroon,93,96,0.66666,2,0,0.0,0,231,0 days 00:01:24,84.19,00:01:24
jeans-blue,61,68,0.70588,1,1,0.0147,1,167,0 days 00:01:36,96.57,00:01:36
Trouser-green,51,54,0.64814,2,0,0.0,0,151,0 days 00:01:57,117.05,00:01:57
Sweatshirt-green,1407,1441,0.80569,26,3,0.0,0,2069,0 days 00:00:28,28.04,00:00:28
polo-pink,9,11,0.81818,0,0,0.0,0,27,0 days 00:00:12,12.54,00:00:12
t-shirt-green,43,45,0.71111,1,0,0.0,0,77,0 days 00:00:21,21.97,00:00:21
polo-black,10,16,0.6875,1,0,0.0,0,33,0 days 00:00:21,21.43,00:00:21
t-shirt-teal,4,5,0.8,0,1,0.0,0,10,0 days 00:00:42,42.2,00:00:42
polo-peach,45,67,0.61194,1,1,0.0,0,124,0 days 00:02:10,130.02,00:02:10
t-shirt-purple,159,187,0.60962,7,5,0.00534,1,562,0 days 00:01:45,105.18,00:01:45
Trouser-olive,802,886,0.60609,33,17,0.00677,6,2285,0 days 00:01:37,97.38,00:01:37
t-shirt-turquoise,23,29,0.5862,0,0,0.0,0,104,0 days 00:02:16,136.55,00:02:16
Sweatshirt-rust,24,27,0.81481,0,1,0.03703,1,118,0 days 00:01:35,95.33,00:01:35
t-shirt-olive,11,12,0.58333,0,0,0.0,0,23,0 days 00:01:49,109.91,00:01:49
Jacket-blue,86,101,0.53465,2,2,0.0099,1,289,0 days 00:01:46,106.01,00:01:46
polo-lavender,12,21,0.57142,0,1,0.0,0,127,0 days 00:02:57,177.61,00:02:57
Sweatshirt-purple,1719,1871,0.73119,50,8,0.0,0,3854,0 days 00:00:40,40.07,00:00:40
t-shirt-blue,39,49,0.57142,3,0,0.0,0,112,0 days 00:01:39,99.3,00:01:39
t-shirt-white,6,7,0.57142,0,1,0.0,0,17,0 days 00:00:53,53.57,00:00:53
t-shirt-purple,26,29,0.51724,0,3,0.0,0,80,0 days 00:01:25,85.51,00:01:25
t-shirt-green,201,212,0.54245,4,6,0.00471,1,697,0 days 00:01:44,104.45,00:01:44
Sweatshirt-blue,52,70,0.61428,0,1,0.0,0,215,0 days 00:02:28,148.78,00:02:28
polo-black,12,12,0.66666,0,1,0.0,0,37,0 days 00:00:39,39.91,00:00:39
Trouser-grey,268,340,0.59411,6,7,0.00882,3,953,0 days 00:01:52,112.29,00:01:52
Trouser-navy,1636,1776,0.71846,17,17,0.00281,5,3643,0 days 00:01:32,92.0,00:01:32
Trouser-green,1235,1469,0.59496,50,26,0.01293,19,4541,0 days 00:02:06,126.11,00:02:06
t-shirt-blue,1719,1871,0.8387,29,4,0.0012,3,3844,0 days 00:00:27,27.5,00:00:27
Trouser-navy,68,73,0.63013,0,0,0.0,0,199,0 days 00:01:08,68.46000000000001,00:01:08
t-shirt-purple,13,18,0.55555,2,1,0.0,0,117,0 days 00:04:58,298.72,00:04:58
t-shirt-black,130,151,0.60927,2,3,0.00662,1,426,0 days 00:01:45,105.59,00:01:45
t-shirt-maroon,7,7,0.71428,1,0,0.0,0,32,0 days 00:02:00,120.85,00:02:00
Jacket-petrol,604,674,0.5089,13,10,0.00296,2,2515,0 days 00:01:47,107.85,00:01:47
Jacket-black,15,15,0.6,0,0,0.0,0,29,0 days 00:02:53,173.93,00:02:53
t-shirt-blue,377,384,0.73437,14,1,0.0,0,635,0 days 00:00:35,35.38,00:00:35
Trouser-grey,155,202,0.77227,3,5,0.0099,2,429,0 days 00:01:06,66.82,00:01:06
t-shirt-white,120,134,0.60447,3,2,0.0,0,373,0 days 00:01:39,99.94,00:01:39
Jacket-blue,1081,1164,0.62027,22,14,0.00429,5,3298,0 days 00:01:53,113.78,00:01:53
polo-green,111,130,0.64615,2,5,0.00769,1,286,0 days 00:01:16,76.89,00:01:16
t-shirt-black,733,818,0.55745,34,26,0.00855,7,2686,0 days 00:02:15,135.44,00:02:15
jeans-black,36,39,0.76923,2,2,0.02564,1,66,0 days 00:01:12,72.82,00:01:12
Trouser-beige,1719,1871,0.76183,15,6,0.00096,2,3536,0 days 00:00:30,30.92,00:00:30
polo-offwhite,10,12,0.66666,0,0,0.0,0,20,0 days 00:01:32,92.41,00:01:32
t-shirt-peach,47,59,0.66101,2,4,0.03389,2,205,0 days 00:02:10,130.49,00:02:10
polo-white,4,5,0.66666,0,0,0.0,0,10,0 days 00:04:06,246.66,00:04:06
t-shirt-pink,1047,1192,0.67197,34,20,0.00671,8,2796,0 days 00:01:21,81.83,00:01:21
polo-orange,1051,1117,0.58281,24,12,0.00179,2,2908,0 days 00:01:01,61.38,00:01:01
jeans-black,237,379,0.79155,5,2,0.0,0,665,0 days 00:00:50,50.29,00:00:50
Sweatshirt-black,103,132,0.62121,1,4,0.0,0,356,0 days 00:01:57,117.84,00:01:57
t-shirt-pink,204,213,0.75117,2,0,0.0,0,363,0 days 00:00:31,31.39,00:00:31
Trouser-beige,31,39,0.48717,1,2,0.0,0,132,0 days 00:03:23,203.33,00:03:23
polo-white,15,23,0.69565,0,0,0.0,0,62,0 days 00:01:49,109.86,00:01:49
Trouser-mustard,136,150,0.76,1,1,0.0,0,282,0 days 00:01:06,66.51,00:01:06
Jacket-navy,483,498,0.67871,11,3,0.002,1,1093,0 days 00:01:01,61.72,00:01:01
Trouser-green,1026,1096,0.61678,21,10,0.00091,1,2472,0 days 00:01:01,61.72,00:01:01
Trouser-white,269,296,0.65878,7,5,0.01351,4,839,0 days 00:01:45,105.65,00:01:45
Trouser-olive,448,541,0.5841,15,12,0.00739,4,1701,0 days 00:02:01,121.36,00:02:01
t-shirt-black,53,56,0.60714,2,2,0.03571,2,189,0 days 00:02:37,157.67000000000002,00:02:37
polo-black,305,317,0.72555,4,0,0.0,0,615,0 days 00:00:55,55.47,00:00:55
Sweatshirt-peach,56,75,0.6,0,0,0.0,0,178,0 days 00:02:11,131.38,00:02:11
Trouser-pink,42,51,0.47058,2,1,0.0196,1,215,0 days 00:04:42,282.03,00:04:42
Trouser-navy,17,19,0.84293,0,0,0.0,0,50,0 days 00:01:58,118.63,00:01:58
polo-pink,1612,1752,0.60445,30,19,0.00399,7,4541,0 days 00:01:18,78.89,00:01:18
polo-purple,126,153,0.67973,3,5,0.00653,1,300,0 days 00:01:34,94.58,00:01:34
t-shirt-purple,417,449,0.7706,6,1,0.00222,1,722,0 days 00:00:43,43.12,00:00:43
Trouser-olive,109,128,0.64843,4,2,0.00781,1,279,0 days 00:01:14,74.72,00:01:14
polo-green,196,205,0.56097,3,2,0.00487,1,607,0 days 00:00:52,52.59,00:00:52
t-shirt-black,345,363,0.7438,12,3,0.0055,2,625,0 days 00:00:36,36.59,00:00:36
Jacket-petrol,830,894,0.64988,16,15,0.00782,7,1984,0 days 00:01:08,68.47,00:01:08
Trouser-maroon,148,167,0.66467,2,2,0.00598,1,348,0 days 00:01:37,97.98,00:01:37
polo-beige,25,31,0.54838,1,0,0.0,0,111,0 days 00:02:22,142.41,00:02:22
polo-green,81,92,0.71739,2,1,0.01086,1,194,0 days 00:01:29,89.03999999999999,00:01:29
polo-red,31,35,0.77142,0,0,0.0,0,58,0 days 00:00:14,14.68,00:00:14
t-shirt-navy,7,8,0.75,0,1,0.04761,1,44,0 days 00:04:41,281.12,00:04:41
t-shirt-navy,149,163,0.57055,3,1,0.00613,1,452,0 days 00:01:23,83.75,00:01:23
Jacket-mustard,15,16,0.4375,1,1,0.04761,1,36,0 days 00:03:12,192.43,00:03:12
polo-navy,6,7,0.71428,0,0,0.0,0,28,0 days 00:03:13,193.14,00:03:13
t-shirt-green,25,25,0.6,1,0,0.0,0,54,0 days 00:01:31,91.44,00:01:31
jeans-navy,692,731,0.60328,23,7,0.00547,4,1962,0 days 00:01:32,92.87,00:01:32
polo-green,383,437,0.51487,21,19,0.0183,8,1438,0 days 00:01:36,96.88,00:01:36
Trouser-white,1061,1093,0.82433,20,2,0.0,0,1577,0 days 00:00:22,22.08,00:00:22
Trouser-black,103,127,0.66929,0,1,0.0,0,327,0 days 00:01:48,108.55,00:01:48
t-shirt-green,306,341,0.46627,21,11,0.01759,6,1652,0 days 00:03:07,187.26,00:03:07
t-shirt-navy,113,142,0.57042,3,10,0.01408,2,451,0 days 00:02:11,131.7,00:02:11
polo-olive,6,6,0.83333,0,0,0.0,0,10,0 days 00:00:06,6.33,00:00:06
Trouser-brown,51,56,0.71428,2,0,0.0,0,123,0 days 00:02:21,141.32,00:02:21
jeans-blue,1124,1187,0.67818,30,5,0.00084,1,2447,0 days 00:01:07,67.53,00:01:07
Trouser-purple,19,23,0.84293,0,0,0.0,0,28,0 days 00:00:03,3.6,00:00:03
Trouser-olive,75,86,0.69767,4,4,0.01162,1,206,0 days 00:06:12,372.09,00:06:12
jeans-black,129,160,0.64375,6,5,0.00625,1,413,0 days 00:02:05,125.84,00:02:05
Trouser-beige,66,82,0.62195,5,1,0.01219,1,301,0 days 00:01:42,102.59,00:01:42
Trouser-navy,35,36,0.44444,4,2,0.0,0,132,0 days 00:01:33,93.25,00:01:33
t-shirt-blue,284,304,0.60197,6,9,0.00986,3,795,0 days 00:01:19,79.24,00:01:19
Trouser-maroon,1719,1871,0.7781,45,19,0.00176,6,4541,0 days 00:00:39,39.25,00:00:39
t-shirt-black,421,433,0.73903,17,1,0.0,0,718,0 days 00:00:54,54.95,00:00:54
polo-green,20,21,0.7619,0,1,0.04761,1,57,0 days 00:02:02,122.66,00:02:02
t-shirt-grey,48,83,0.80722,0,0,0.0,0,132,0 days 00:00:41,41.65,00:00:41
t-shirt-navy,201,238,0.63445,15,5,0.0,0,588,0 days 00:01:16,76.76,00:01:16
Jacket-maroon,123,141,0.56737,4,5,0.00709,1,410,0 days 00:01:37,97.01,00:01:37
polo-navy,1719,1871,0.57792,50,26,0.0062,15,4541,0 days 00:01:12,72.92,00:01:12
Sweatshirt-blue,45,52,0.63461,0,1,0.01923,1,139,0 days 00:01:53,113.55,00:01:53
Trouser-olive,175,208,0.64903,4,4,0.0048,1,658,0 days 00:02:02,122.84,00:02:02
t-shirt-white,44,61,0.7377,3,0,0.0,0,101,0 days 00:01:05,65.06,00:01:05
polo-blue,366,375,0.54133,8,2,0.00266,1,1049,0 days 00:01:43,103.37,00:01:43
Jacket-black,9,12,0.58333,0,0,0.0,0,19,0 days 00:00:19,19.25,00:00:19
Jacket-black,34,48,0.625,2,2,0.02083,1,176,0 days 00:01:54,114.02,00:01:54
jeans-olive,19,21,0.57142,1,1,0.04761,1,77,0 days 00:03:47,227.28,00:03:47
Trouser-grey,183,200,0.615,4,0,0.0,0,479,0 days 00:01:14,74.86,00:01:14
Sweatshirt-rust,249,282,0.66666,10,2,0.0,0,565,0 days 00:00:45,45.16,00:00:45
Jacket-maroon,1719,1871,0.6128,50,26,0.00837,20,4541,0 days 00:01:32,92.87,00:01:32
polo-green,70,78,0.4375,1,2,0.0,0,321,0 days 00:03:48,228.67,00:03:48
t-shirt-black,165,179,0.63687,11,8,0.01675,3,605,0 days 00:02:01,121.2,00:02:01
polo-yellow,100,109,0.51376,3,1,0.00917,1,393,0 days 00:01:49,109.59,00:01:49
Trouser-beige,34,44,0.68181,0,2,0.02272,1,147,0 days 00:02:00,120.09,00:02:00
polo-rust,182,233,0.7854,3,2,0.00429,1,436,0 days 00:01:01,61.27,00:01:01
t-shirt-blue,655,670,0.72089,30,1,0.0,0,1085,0 days 00:00:38,38.66,00:00:38
Trouser-maroon,72,81,0.69135,4,4,0.01234,1,152,0 days 00:01:24,84.64,00:01:24
Jacket-yellow,65,69,0.5942,0,0,0.0,0,173,0 days 00:00:39,39.11,00:00:39
t-shirt-petrol,46,62,0.54838,1,3,0.01612,1,256,0 days 00:03:22,202.69,00:03:22
t-shirt-maroon,11,21,0.84293,0,0,0.0,0,31,0 days 00:01:06,66.33,00:01:06
polo-black,150,176,0.4375,6,8,0.0284,5,729,0 days 00:03:32,212.89,00:03:32
Trouser-olive,78,79,0.58227,1,1,0.0,0,181,0 days 00:01:08,68.88,00:01:08
t-shirt-navy,1719,1871,0.61974,50,26,0.00472,9,4541,0 days 00:01:31,91.86,00:01:31
t-shirt-black,80,83,0.80722,2,1,0.0,0,136,0 days 00:00:33,33.22,00:00:33
t-shirt-white,31,38,0.55263,1,1,0.02631,1,137,0 days 00:03:20,200.84,00:03:20
Trouser-navy,1045,1245,0.5269,49,26,0.01606,20,4205,0 days 00:02:02,122.7,00:02:02
Trouser-white,33,41,0.60975,1,0,0.0,0,99,0 days 00:01:28,88.43,00:01:28
t-shirt-green,18,20,0.75,0,0,0.0,0,43,0 days 00:00:24,24.1,00:00:24
Sweatshirt-grey,7,8,0.5,0,0,0.0,0,14,0 days 00:03:34,214.62,00:03:34
polo-blue,510,553,0.53526,15,7,0.0018,1,1764,0 days 00:01:26,86.19,00:01:26
t-shirt-lilac,157,179,0.46927,5,10,0.0,0,798,0 days 00:02:15,135.88,00:02:15
t-shirt-beige,51,65,0.67692,1,0,0.0,0,228,0 days 00:02:11,131.1,00:02:11
Trouser-green,53,67,0.64179,2,0,0.0,0,200,0 days 00:02:16,136.79,00:02:16
t-shirt-black,32,41,0.43902,4,3,0.0,0,139,0 days 00:05:11,311.04,00:05:11
Sweatshirt-pink,4,5,0.5,0,0,0.0,0,10,0 days 00:00:20,20.5,00:00:20
t-shirt-pink,820,1093,0.63677,28,15,0.00274,3,2894,0 days 00:02:05,125.14,00:02:05
Sweatshirt-white,51,57,0.57894,2,2,0.0,0,162,0 days 00:02:00,120.59,00:02:00
Jacket-grey,1719,1871,0.57838,50,26,0.0069,20,4541,0 days 00:02:01,121.64,00:02:01
Trouser-white,192,235,0.63829,10,7,0.01702,4,712,0 days 00:02:27,147.93,00:02:27
polo-maroon,116,143,0.48951,3,3,0.01398,2,610,0 days 00:02:40,160.27,00:02:40
t-shirt-black,1719,1871,0.7507,50,26,0.00051,12,4541,0 days 00:00:36,36.13,00:00:36
Trouser-pink,539,582,0.59106,8,8,0.00515,3,1549,0 days 00:01:21,81.45,00:01:21
Sweatshirt-black,22,26,0.61538,1,0,0.0,0,73,0 days 00:02:58,178.53,00:02:58
Trouser-beige,4,5,0.5,0,0,0.0,0,10,0 days 00:00:26,26.5,00:00:26
Jacket-maroon,45,65,0.6,0,2,0.01538,1,188,0 days 00:01:46,106.23,00:01:46
t-shirt-blue,1282,1335,0.74307,50,6,0.00074,1,2258,0 days 00:00:38,38.34,00:00:38
t-shirt-purple,1144,1265,0.63715,29,18,0.00474,6,2795,0 days 00:01:13,73.7,00:01:13
polo-blue,598,641,0.49609,20,18,0.00936,6,2380,0 days 00:01:53,113.85,00:01:53
jeans-pink,127,142,0.69014,3,4,0.01408,2,396,0 days 00:02:11,131.48,00:02:11
Trouser-beige,265,290,0.60689,6,9,0.00689,2,823,0 days 00:01:17,77.53999999999999,00:01:17
polo-white,471,502,0.63346,12,7,0.00398,2,1204,0 days 00:01:22,82.03,00:01:22
t-shirt-maroon,902,1015,0.51034,36,26,0.00886,9,3889,0 days 00:02:25,145.92000000000002,00:02:25
Trouser-khakhi,1719,1871,0.70853,50,26,0.00926,26,4541,0 days 00:01:19,79.2,00:01:19
t-shirt-grey,208,226,0.68141,8,5,0.01327,3,641,0 days 00:01:41,101.59,00:01:41
Jacket-offwhite,132,158,0.63291,6,3,0.01265,2,454,0 days 00:02:05,125.91,00:02:05
t-shirt-pink,42,49,0.61224,1,0,0.0,0,120,0 days 00:01:35,95.26,00:01:35
Trouser-maroon,1614,1733,0.61742,48,22,0.00173,3,4195,0 days 00:01:09,69.64,00:01:09
t-shirt-black,4,5,0.5,0,1,0.04761,1,13,0 days 00:01:48,108.5,00:01:48
Trouser-beige,439,451,0.67627,6,10,0.00665,3,1238,0 days 00:01:08,68.18,00:01:08
Sweatshirt-black,628,713,0.70967,6,2,0.0014,1,1247,0 days 00:01:14,74.14,00:01:14
Trouser-green,9,10,0.5,0,0,0.0,0,27,0 days 00:04:22,262.9,00:04:22
t-shirt-white,133,191,0.84293,0,0,0.0,0,285,0 days 00:00:32,32.31,00:00:32
Jacket-green,195,215,0.60465,1,2,0.00465,1,606,0 days 00:02:35,155.23,00:02:35
jeans-black,251,295,0.69491,3,10,0.01694,5,648,0 days 00:01:10,70.47,00:01:10
t-shirt-purple,80,88,0.57954,9,4,0.02272,2,300,0 days 00:02:34,154.93,00:02:34
Trouser-grey,339,372,0.69623,3,2,0.00268,1,820,0 days 00:01:05,65.91,00:01:05
Sweatshirt-green,12,12,0.66666,0,0,0.0,0,19,0 days 00:00:05,5.5,00:00:05
t-shirt-purple,4,5,0.5,0,1,0.0,0,15,0 days 00:01:01,61.75,00:01:01
Trouser-beige,465,640,0.68125,14,9,0.00625,4,1473,0 days 00:01:11,71.97,00:01:11
polo-yellow,19,22,0.5909,0,1,0.0,0,49,0 days 00:02:37,157.4,00:02:37
t-shirt-white,9,11,0.54545,1,0,0.0,0,33,0 days 00:03:43,223.45,00:03:43
Trouser-beige,289,318,0.62264,10,7,0.00314,1,799,0 days 00:01:13,73.05,00:01:13
Trouser-beige,521,579,0.56303,14,14,0.01036,6,1748,0 days 00:01:32,92.38,00:01:32
Trouser-grey,1719,1871,0.77328,50,2,0.00041,1,3921,0 days 00:00:50,50.19,00:00:50
Trouser-navy,187,189,0.78306,7,2,0.0,0,341,0 days 00:00:37,37.44,00:00:37
polo-peach,4,5,0.5,0,0,0.0,0,10,0 days 00:00:44,44.75,00:00:44
t-shirt-orange,12,12,0.75,0,0,0.0,0,35,0 days 00:01:32,92.16,00:01:32
Jacket-biege,76,90,0.54444,2,4,0.03333,3,332,0 days 00:03:25,205.55,00:03:25
t-shirt-white,90,101,0.60396,5,6,0.0198,2,266,0 days 00:00:49,49.07,00:00:49
polo-navy,316,366,0.63387,9,6,0.0,0,919,0 days 00:01:54,114.43,00:01:54
polo-purple,18,27,0.62962,0,0,0.0,0,73,0 days 00:00:37,37.18,00:00:37
t-shirt-white,38,55,0.74545,1,1,0.0,0,182,0 days 00:03:43,223.45,00:03:43
polo-blue,404,433,0.55427,8,4,0.0023,1,1093,0 days 00:01:05,65.67,00:01:05
Jacket-beige,1140,1229,0.53702,13,14,0.00325,4,3807,0 days 00:02:13,133.31,00:02:13
t-shirt-mustard,20,21,0.84293,0,0,0.0,0,30,0 days 00:03:42,222.66,00:03:42
Trouser-navy,825,956,0.61192,37,20,0.00523,5,2662,0 days 00:01:50,110.27,00:01:50
t-shirt-white,5,10,0.7,1,0,0.0,0,13,0 days 00:00:02,2.7,00:00:02
polo-olive,1044,1136,0.57218,19,8,0.0044,5,2967,0 days 00:01:27,87.35,00:01:27
jeans-blue,181,206,0.64077,1,0,0.0,0,444,0 days 00:01:10,70.72,00:01:10
Trouser-maroon,277,331,0.76435,1,1,0.00302,1,533,0 days 00:00:56,56.48,00:00:56
Jacket-navy,1561,1704,0.67194,20,12,0.00176,3,3978,0 days 00:01:42,102.35,00:01:42
Sweatshirt-navy,927,1032,0.66472,21,4,0.0,0,2044,0 days 00:01:01,61.96,00:01:01
polo-beige,458,481,0.78586,10,0,0.0,0,766,0 days 00:00:38,38.57,00:00:38
t-shirt-blue,153,181,0.55801,13,16,0.03314,6,702,0 days 00:03:20,200.23,00:03:20
t-shirt-pink,15,16,0.8125,0,0,0.0,0,21,0 days 00:00:09,9.68,00:00:09
jeans-black,39,39,0.64102,1,1,0.02564,1,106,0 days 00:01:18,78.74,00:01:18
Jacket-olive,83,92,0.6413,7,4,0.0,0,291,0 days 00:02:34,154.32999999999998,00:02:34
Sweatshirt-grey,5,8,0.5,0,0,0.0,0,43,0 days 00:02:32,152.87,00:02:32
Sweatshirt-olive,233,254,0.68897,6,0,0.0,0,467,0 days 00:01:23,83.16,00:01:23
jeans-black,38,40,0.7,0,0,0.0,0,82,0 days 00:01:09,69.27,00:01:09
t-shirt-green,8,12,0.58333,0,1,0.0,0,31,0 days 00:00:28,28.16,00:00:28
t-shirt-aqua,99,108,0.57407,2,2,0.0,0,356,0 days 00:01:34,94.75,00:01:34
t-shirt-blue,78,87,0.66666,3,1,0.0,0,211,0 days 00:01:47,107.04,00:01:47
polo-navy,959,1042,0.76391,20,10,0.00191,2,1820,0 days 00:00:37,37.52,00:00:37
polo-mustard,1246,1354,0.44977,42,26,0.00443,6,4541,0 days 00:02:24,144.79,00:02:24
Trouser-navy,54,58,0.55172,2,1,0.0,0,183,0 days 00:01:34,94.67,00:01:34
polo-purple,477,496,0.58064,21,6,0.00604,3,1607,0 days 00:01:53,113.74,00:01:53
Sweatshirt-purple,33,35,0.57142,0,0,0.0,0,84,0 days 00:00:39,39.51,00:00:39
Sweatshirt-green,4,5,0.66666,0,0,0.0,0,10,0 days 00:01:04,64.66,00:01:04
polo-mustard,805,1684,0.84293,7,3,0.00059,1,1981,0 days 00:00:31,31.09,00:00:31
t-shirt-pink,291,327,0.62996,11,4,0.00305,1,935,0 days 00:01:26,86.2,00:01:26
Trouser-green,14,14,0.57142,0,0,0.0,0,91,0 days 00:02:09,129.57,00:02:09
jeans-blue,14,22,0.81818,0,0,0.0,0,41,0 days 00:00:28,28.36,00:00:28
Trouser-olive,143,158,0.55063,7,4,0.01265,2,546,0 days 00:01:20,80.78999999999999,00:01:20
t-shirt-white,32,35,0.6,0,2,0.0,0,76,0 days 00:02:05,125.8,00:02:05
t-shirt-blue,60,62,0.77419,1,1,0.01612,1,128,0 days 00:01:57,117.8,00:01:57
t-shirt-petrol,31,35,0.48571,2,1,0.0,0,169,0 days 00:05:17,317.82,00:05:17
t-shirt-green,29,32,0.53125,1,1,0.0,0,83,0 days 00:00:45,45.59,00:00:45
Trouser-navy,11,12,0.75,1,0,0.0,0,41,0 days 00:02:31,151.75,00:02:31
t-shirt-green,12,15,0.53333,3,1,0.04761,1,76,0 days 00:01:53,113.86,00:01:53
Trouser-green,13,18,0.4375,1,2,0.04761,1,102,0 days 00:06:28,388.61,00:06:28
t-shirt-orange,15,15,0.73333,0,0,0.0,0,25,0 days 00:01:09,69.8,00:01:09
t-shirt-petrol,15,19,0.84293,0,0,0.0,0,24,0 days 00:01:32,92.78,00:01:32
jeans-blue,79,94,0.73404,3,3,0.01063,1,211,0 days 00:01:46,106.3,00:01:46
Sweatshirt-beige,112,120,0.6,8,7,0.04166,5,309,0 days 00:01:40,100.25,00:01:40
t-shirt-black,1048,1086,0.72559,50,2,0.0,0,1925,0 days 00:00:43,43.91,00:00:43
t-shirt-grey,343,389,0.50899,18,12,0.00771,3,1373,0 days 00:02:13,133.26,00:02:13
Trouser-blue,350,390,0.68974,7,5,0.00512,2,969,0 days 00:01:33,93.46,00:01:33
Trouser-blue,8,12,0.5,0,1,0.04761,1,85,0 days 00:02:39,159.25,00:02:39
polo-maroon,54,58,0.72413,2,2,0.03448,2,185,0 days 00:02:05,125.25,00:02:05
t-shirt-beige,14,15,0.8,1,1,0.0,0,36,0 days 00:00:32,32.8,00:00:32
t-shirt-beige,103,119,0.4375,4,13,0.0168,2,414,0 days 00:01:45,105.33,00:01:45
Trouser-olive,89,94,0.69148,2,4,0.0,0,204,0 days 00:01:19,79.24,00:01:19
t-shirt-black,34,45,0.82222,0,0,0.0,0,59,0 days 00:00:41,41.35,00:00:41
polo-white,43,48,0.54166,1,2,0.02083,1,180,0 days 00:03:01,181.06,00:03:01
polo-grey,188,211,0.54976,6,6,0.01895,4,725,0 days 00:01:36,96.72,00:01:36
polo-maroon,147,186,0.71505,6,3,0.00537,1,395,0 days 00:01:05,65.79,00:01:05
polo-purple,146,201,0.67164,2,4,0.00497,1,468,0 days 00:01:08,68.82,00:01:08
jeans-black,341,384,0.63281,6,7,0.00781,3,847,0 days 00:01:06,66.2,00:01:06
t-shirt-white,585,627,0.59011,25,26,0.00478,3,1758,0 days 00:01:28,88.96000000000001,00:01:28
Trouser-olive,92,117,0.70085,0,0,0.0,0,244,0 days 00:01:33,93.64,00:01:33
Jacket-grey,50,52,0.57692,2,4,0.03846,2,243,0 days 00:04:56,296.38,00:04:56
Jacket-tan,9,12,0.5,0,0,0.0,0,41,0 days 00:02:26,146.32999999999998,00:02:26
polo-navy,542,583,0.62435,7,8,0.01029,6,1506,0 days 00:00:58,58.94,00:00:58
Trouser-green,11,15,0.6,0,0,0.0,0,44,0 days 00:04:42,282.6,00:04:42
Jacket-rust,16,23,0.73913,0,0,0.0,0,35,0 days 00:01:16,76.56,00:01:16
t-shirt-olive,1719,1871,0.66564,36,19,0.00392,9,4541,0 days 00:01:32,92.22,00:01:32
t-shirt-green,12,14,0.64285,0,0,0.0,0,33,0 days 00:05:28,328.85,00:05:28
polo-purple,96,111,0.63063,0,2,0.009,1,410,0 days 00:02:46,166.99,00:02:46
Trouser-green,152,161,0.73913,2,0,0.0,0,363,0 days 00:01:16,76.71000000000001,00:01:16
t-shirt-maroon,95,106,0.59433,6,4,0.01886,2,344,0 days 00:01:37,97.23,00:01:37
Sweatshirt-blue,312,329,0.71428,11,0,0.0,0,567,0 days 00:00:28,28.63,00:00:28
t-shirt-pink,114,133,0.52631,8,10,0.03007,4,483,0 days 00:02:51,171.35,00:02:51
Sweatshirt-black,70,75,0.65333,1,0,0.0,0,181,0 days 00:02:06,126.26,00:02:06
t-shirt-white,83,93,0.68817,2,1,0.0,0,201,0 days 00:01:32,92.13,00:01:32
Trouser-navy,214,241,0.57261,5,3,0.00829,2,533,0 days 00:01:23,83.98,00:01:23
Jacket-navy,205,251,0.60956,9,4,0.00398,1,758,0 days 00:02:01,121.82,00:02:01
t-shirt-white,77,93,0.6344,5,8,0.03225,3,247,0 days 00:02:20,140.82,00:02:20
polo-green,10,13,0.53846,3,2,0.04761,2,110,0 days 00:06:58,418.84,00:06:58
t-shirt-navy,283,302,0.56953,14,4,0.00662,2,816,0 days 00:01:31,91.0,00:01:31
jeans-blue,442,475,0.65263,12,10,0.00631,3,1099,0 days 00:01:13,73.46000000000001,00:01:13
polo-blue,68,77,0.71428,1,1,0.0,0,153,0 days 00:01:13,73.71000000000001,00:01:13
t-shirt-navy,49,57,0.63157,2,4,0.0,0,157,0 days 00:04:01,241.52,00:04:01
t-shirt-olive,69,89,0.65168,3,3,0.0,0,214,0 days 00:02:12,132.51,00:02:12
Trouser-olive,1147,1176,0.71003,50,2,0.00085,1,2026,0 days 00:00:46,46.31,00:00:46
Sweatshirt-black,28,34,0.61764,2,0,0.0,0,96,0 days 00:01:57,117.5,00:01:57
Jacket-pink,237,271,0.57195,7,4,0.0,0,742,0 days 00:02:18,138.46,00:02:18
t-shirt-green,74,105,0.6,3,1,0.00952,1,309,0 days 00:02:04,124.86,00:02:04
Trouser-beige,88,109,0.61467,3,3,0.01834,2,432,0 days 00:02:35,155.95,00:02:35
Trouser-white,1719,1871,0.70303,50,26,0.00141,10,4541,0 days 00:00:44,44.96,00:00:44
Sweatshirt-grey,282,306,0.79411,3,2,0.00653,2,498,0 days 00:00:56,56.58,00:00:56
Trouser-blue,691,740,0.81486,5,0,0.0,0,1238,0 days 00:00:36,36.18,00:00:36
jeans-blue,112,128,0.625,7,1,0.0,0,381,0 days 00:01:28,88.65,00:01:28
Trouser-beige,1033,1177,0.60577,22,14,0.00594,7,3152,0 days 00:01:33,93.45,00:01:33
Sweatshirt-navy,1101,1215,0.71111,18,6,0.00082,1,2350,0 days 00:00:59,59.28,00:00:59
t-shirt-black,627,666,0.62162,29,26,0.003,2,1744,0 days 00:01:31,91.7,00:01:31
Trouser-grey,29,39,0.64102,2,0,0.0,0,124,0 days 00:01:45,105.38,00:01:45
polo-purple,222,247,0.70445,3,3,0.00404,1,470,0 days 00:00:49,49.89,00:00:49
Jacket-green,17,17,0.58823,0,0,0.0,0,41,0 days 00:00:30,30.17,00:00:30
t-shirt-black,23,24,0.75,1,0,0.0,0,41,0 days 00:00:30,30.04,00:00:30
polo-navy,1719,1871,0.84293,50,1,0.0,0,4541,0 days 00:00:23,23.52,00:00:23
polo-grey,56,69,0.5942,1,0,0.0,0,186,0 days 00:01:59,119.55,00:01:59
Trouser-olive,11,13,0.46153,0,0,0.0,0,56,0 days 00:05:37,337.07,00:05:37
Sweatshirt-lilac,16,16,0.625,1,0,0.0,0,42,0 days 00:01:23,83.62,00:01:23
polo-rust,30,34,0.55882,3,1,0.02941,1,85,0 days 00:02:17,137.64,00:02:17
t-shirt-green,123,153,0.55555,6,4,0.0,0,428,0 days 00:01:09,69.62,00:01:09
polo-navy,406,521,0.63339,13,6,0.00383,2,1492,0 days 00:02:12,132.84,00:02:12
Sweatshirt-beige,1554,1715,0.63906,18,9,0.00058,1,3912,0 days 00:01:15,75.86,00:01:15
jeans-blue,157,202,0.48514,4,7,0.01485,3,774,0 days 00:03:24,204.24,00:03:24
Trouser-green,19,29,0.51724,0,1,0.0,0,95,0 days 00:01:56,116.86,00:01:56
polo-black,76,98,0.59183,3,5,0.04081,4,353,0 days 00:03:36,216.69,00:03:36
Jacket-blue,133,139,0.64028,3,1,0.0,0,264,0 days 00:01:35,95.53,00:01:35
Sweatshirt-white,990,1068,0.63014,18,13,0.00093,1,2330,0 days 00:00:59,59.03,00:00:59
t-shirt-grey,115,136,0.53676,4,4,0.02205,3,494,0 days 00:02:15,135.49,00:02:15
Sweatshirt-pink,13,13,0.53846,0,0,0.0,0,21,0 days 00:02:02,122.3,00:02:02
Sweatshirt-blue,39,41,0.82926,1,0,0.0,0,50,0 days 00:00:18,18.92,00:00:18
Sweatshirt-green,1719,1871,0.65405,33,20,0.00382,9,4541,0 days 00:01:18,78.69,00:01:18
Trouser-grey,505,559,0.57781,22,13,0.00715,4,1893,0 days 00:02:32,152.07,00:02:32
t-shirt-green,286,330,0.59393,12,6,0.00606,2,1032,0 days 00:02:02,122.85,00:02:02
t-shirt-grey,107,120,0.53333,8,3,0.00833,1,512,0 days 00:02:43,163.4,00:02:43
t-shirt-maroon,126,133,0.6015,6,2,0.0,0,414,0 days 00:04:52,292.87,00:04:52
t-shirt-black,304,363,0.58126,19,11,0.01101,4,908,0 days 00:01:29,89.9,00:01:29
polo-black,64,67,0.61194,2,3,0.02985,2,216,0 days 00:03:01,181.94,00:03:01
Trouser-navy,1199,1871,0.84293,16,2,0.00044,1,3327,0 days 00:00:42,42.39,00:00:42
t-shirt-black,1067,1174,0.6678,50,26,0.01022,12,3236,0 days 00:01:34,94.25,00:01:34
jeans-blue,229,277,0.63898,10,6,0.00722,2,908,0 days 00:02:00,120.4,00:02:00
t-shirt-green,57,59,0.67796,0,1,0.01694,1,145,0 days 00:00:50,50.33,00:00:50
Trouser-beige,109,143,0.50349,6,2,0.0,0,592,0 days 00:02:26,146.53,00:02:26
Trouser-green,326,386,0.50777,13,5,0.00518,2,1220,0 days 00:01:57,117.9,00:01:57
t-shirt-black,23,28,0.64285,1,2,0.03571,1,105,0 days 00:02:27,147.5,00:02:27
t-shirt-blue,110,145,0.7862,2,2,0.0,0,338,0 days 00:02:05,125.48,00:02:05
polo-yellow,115,140,0.56428,2,4,0.02142,3,497,0 days 00:02:23,143.4,00:02:23
Sweatshirt-blue,14,17,0.52941,0,0,0.0,0,71,0 days 00:04:59,299.88,00:04:59
jeans-pant,51,64,0.64062,1,1,0.01562,1,129,0 days 00:03:02,182.79,00:03:02
t-shirt-green,7,8,0.75,0,1,0.0,0,17,0 days 00:00:44,44.5,00:00:44
polo-white,212,229,0.57641,11,4,0.00873,2,783,0 days 00:01:26,86.01,00:01:26
Trouser-white,101,110,0.62727,3,2,0.00909,1,306,0 days 00:01:57,117.26,00:01:57
t-shirt-aqua,555,624,0.45512,34,21,0.00961,6,2678,0 days 00:02:15,135.11,00:02:15
jeans-blue,54,55,0.65454,0,0,0.0,0,155,0 days 00:03:17,197.27,00:03:17
t-shirt-blue,599,621,0.81159,12,1,0.0,0,888,0 days 00:00:22,22.12,00:00:22
polo-orange,12,13,0.6923,0,1,0.0,0,64,0 days 00:06:01,361.92,00:06:01
t-shirt-white,7,7,0.57142,0,0,0.0,0,15,0 days 00:00:45,45.71,00:00:45
jeans-grey,26,31,0.70967,1,0,0.0,0,69,0 days 00:00:48,48.77,00:00:48
jeans-blue,73,76,0.72368,1,0,0.0,0,210,0 days 00:01:20,80.31,00:01:20
t-shirt-beige,37,43,0.74418,1,0,0.0,0,69,0 days 00:00:31,31.18,00:00:31
Jacket-black,508,533,0.66228,10,4,0.00562,3,1158,0 days 00:01:26,86.83,00:01:26
t-shirt-navy,133,147,0.5102,4,2,0.0,0,471,0 days 00:01:20,80.26,00:01:20
Trouser-grey,70,80,0.63749,2,2,0.0,0,212,0 days 00:02:21,141.26,00:02:21
t-shirt-mustard,212,237,0.56962,10,4,0.00843,2,756,0 days 00:01:27,87.97,00:01:27
t-shirt-black,1719,1871,0.75605,50,10,0.00046,2,4541,0 days 00:00:30,30.55,00:00:30
t-shirt-pink,1535,1697,0.51266,50,26,0.00648,11,4541,0 days 00:01:22,82.25,00:01:22
Trouser-blue,202,234,0.547,11,2,0.00427,1,782,0 days 00:02:18,138.38,00:02:18
Trouser-grey,1719,1871,0.66804,50,26,0.00414,14,4541,0 days 00:01:18,78.53,00:01:18
polo-white,78,90,0.56666,1,2,0.01111,1,299,0 days 00:02:16,136.94,00:02:16
Jacket-maroon,44,59,0.8305,2,1,0.0,0,128,0 days 00:00:43,43.55,00:00:43
t-shirt-yellow,22,32,0.6875,2,2,0.03125,1,119,0 days 00:02:54,174.28,00:02:54
t-shirt-white,5,5,0.4375,1,1,0.0,0,22,0 days 00:04:01,241.4,00:04:01
Trouser-black,513,529,0.6862,12,0,0.0,0,1261,0 days 00:01:13,73.48,00:01:13
t-shirt-orange,4,5,0.4375,0,0,0.0,0,10,0 days 00:00:07,7.66,00:00:07
t-shirt-blue,13,13,0.53846,0,0,0.0,0,26,0 days 00:00:25,25.07,00:00:25
Jacket-black,244,279,0.68458,5,5,0.00358,1,656,0 days 00:01:31,91.42,00:01:31
polo-black,373,389,0.63753,1,1,0.0,0,790,0 days 00:01:05,65.34,00:01:05
t-shirt-offwhite,25,28,0.78571,0,0,0.0,0,71,0 days 00:01:05,65.92,00:01:05
t-shirt-black,723,747,0.71887,33,5,0.00267,2,1411,0 days 00:00:49,49.59,00:00:49
Jacket-black,1209,1394,0.70803,16,15,0.00358,5,2866,0 days 00:01:19,79.62,00:01:19
Jacket-blue,20,27,0.44444,1,1,0.03703,1,84,0 days 00:03:31,211.37,00:03:31
Sweatshirt-pink,59,62,0.74193,2,1,0.01612,1,114,0 days 00:01:21,81.24,00:01:21
t-shirt-blue,147,159,0.65408,4,7,0.01886,3,386,0 days 00:01:08,68.32,00:01:08
jeans-blue,39,48,0.72916,0,0,0.0,0,104,0 days 00:03:06,186.29,00:03:06
jeans-blue,17,18,0.61111,0,0,0.0,0,27,0 days 00:01:29,89.72,00:01:29
Sweatshirt-blue,359,378,0.67724,7,3,0.00264,1,748,0 days 00:00:50,50.93,00:00:50
Trouser-white,29,30,0.56666,2,1,0.0,0,55,0 days 00:01:27,87.16,00:01:27
polo-black,897,1005,0.55323,27,25,0.00597,6,3222,0 days 00:01:51,111.84,00:01:51
polo-lilac,23,30,0.84293,0,0,0.0,0,31,0 days 00:00:00,0.33,00:00:00
t-shirt-orange,93,103,0.51456,5,4,0.02912,3,401,0 days 00:02:15,135.18,00:02:15
Trouser-slate,13,31,0.77419,0,1,0.03225,1,77,0 days 00:02:02,122.48,00:02:02
Jacket-brown,281,327,0.59021,4,6,0.00611,2,931,0 days 00:01:42,102.11,00:01:42
t-shirt-white,425,437,0.67276,32,2,0.0,0,748,0 days 00:00:37,37.26,00:00:37
Trouser-beige,84,109,0.47706,1,1,0.00917,1,513,0 days 00:04:27,267.46,00:04:27
Trouser-olive,138,158,0.5443,5,8,0.01898,3,547,0 days 00:01:36,96.07,00:01:36
t-shirt-yellow,163,173,0.63005,3,2,0.00578,1,370,0 days 00:01:15,75.53,00:01:15
t-shirt-black,6,6,0.4375,0,0,0.0,0,36,0 days 00:02:50,170.5,00:02:50
polo-white,13,23,0.65217,0,0,0.0,0,72,0 days 00:03:14,194.82,00:03:14
Trouser-trouser,464,520,0.55576,18,13,0.01153,6,1627,0 days 00:02:06,126.38,00:02:06
polo-black,580,630,0.62222,15,11,0.00476,3,1744,0 days 00:01:19,79.46000000000001,00:01:19
t-shirt-black,114,122,0.61475,5,2,0.01639,2,363,0 days 00:01:45,105.32,00:01:45
Sweatshirt-white,837,914,0.57439,11,10,0.00328,3,2224,0 days 00:01:05,65.9,00:01:05
Sweatshirt-white,148,171,0.69005,4,0,0.0,0,370,0 days 00:01:16,76.78,00:01:16
Jacket-silver,39,44,0.47727,0,0,0.0,0,159,0 days 00:01:50,110.77,00:01:50
t-shirt-peach,26,28,0.71428,1,0,0.0,0,61,0 days 00:00:34,34.07,00:00:34
jeans-blue,23,25,0.64,1,0,0.0,0,53,0 days 00:01:45,105.44,00:01:45
Trouser-black,889,976,0.59221,34,26,0.01536,15,2886,0 days 00:01:52,112.05,00:01:52
t-shirt-brown,32,35,0.68571,1,0,0.0,0,114,0 days 00:01:57,117.34,00:01:57
Trouser-navy,147,156,0.65384,3,3,0.00641,1,374,0 days 00:01:10,70.35,00:01:10
t-shirt-white,27,27,0.7037,1,0,0.0,0,74,0 days 00:01:33,93.4,00:01:33
Jacket-beige,792,863,0.61645,13,4,0.00347,3,2293,0 days 00:01:45,105.76,00:01:45
Sweatshirt-olive,169,197,0.65989,7,1,0.0,0,389,0 days 00:01:34,94.4,00:01:34
polo-white,185,198,0.65151,2,0,0.0,0,540,0 days 00:01:18,78.38,00:01:18
polo-grey,4,5,0.8,0,0,0.0,0,10,0 days 00:00:02,2.2,00:00:02
jeans-blue,668,769,0.62678,18,9,0.0065,5,2281,0 days 00:01:58,118.45,00:01:58
Jacket-navy,830,892,0.6547,11,2,0.00112,1,2252,0 days 00:01:45,105.78,00:01:45
polo-peach,226,252,0.51587,6,7,0.00793,2,757,0 days 00:01:23,83.18,00:01:23
t-shirt-black,89,100,0.74,4,2,0.01,1,162,0 days 00:00:44,44.05,00:00:44
t-shirt-pink,30,31,0.64516,0,0,0.0,0,71,0 days 00:00:45,45.06,00:00:45
Jacket-grey,10,13,0.76923,0,0,0.0,0,20,0 days 00:00:04,4.76,00:00:04
t-shirt-black,990,1122,0.61853,39,20,0.00356,4,2508,0 days 00:01:27,87.47,00:01:27
Jacket-black,21,26,0.57692,0,1,0.0,0,55,0 days 00:02:01,121.03,00:02:01
Sweatshirt-navy,46,48,0.4375,3,4,0.02083,1,417,0 days 00:06:16,376.27,00:06:16
polo-petrol,213,229,0.55895,2,2,0.00873,2,758,0 days 00:02:03,123.5,00:02:03
t-shirt-navy,22,29,0.55172,1,0,0.0,0,66,0 days 00:02:21,141.27,00:02:21
Trouser-navy,1719,1871,0.78544,10,2,0.00037,1,4261,0 days 00:00:31,31.45,00:00:31
t-shirt-navy,1719,1871,0.59912,50,26,0.00831,19,4541,0 days 00:01:56,116.63,00:01:56
Trouser-black,9,16,0.4375,1,2,0.0,0,140,0 days 00:08:18,498.87,00:08:18
t-shirt-blue,82,94,0.56382,5,4,0.02127,2,241,0 days 00:01:51,111.22,00:01:51
Sweatshirt-brown,4,5,0.5,0,0,0.0,0,10,0 days 00:01:09,69.5,00:01:09
jeans-navy,844,1063,0.55691,47,26,0.01034,11,3411,0 days 00:02:06,126.54,00:02:06
t-shirt-navy,106,119,0.61344,7,7,0.0084,1,380,0 days 00:02:35,155.52,00:02:35
jeans-grey,480,532,0.67293,15,9,0.00563,3,1457,0 days 00:01:35,95.02,00:01:35
polo-petrol,54,60,0.5,3,0,0.0,0,201,0 days 00:02:07,127.86,00:02:07
t-shirt-orange,8,11,0.4375,0,0,0.0,0,44,0 days 00:04:44,284.63,00:04:44
Sweatshirt-black,1719,1871,0.74493,30,12,0.0,0,3897,0 days 00:00:54,54.85,00:00:54
polo-blue,401,436,0.55275,7,5,0.00229,1,1313,0 days 00:01:54,114.96,00:01:54
Jacket-yellow,25,27,0.77777,1,0,0.0,0,61,0 days 00:01:23,83.25,00:01:23
t-shirt-green,227,246,0.62601,8,5,0.01219,3,674,0 days 00:01:54,114.43,00:01:54
jeans-blue,96,105,0.65714,0,1,0.0,0,247,0 days 00:00:55,55.48,00:00:55
Sweatshirt-black,174,184,0.71195,7,2,0.00543,1,382,0 days 00:00:54,54.83,00:00:54
t-shirt-white,306,333,0.67867,3,3,0.009,3,740,0 days 00:01:08,68.49,00:01:08
t-shirt-black,1150,1280,0.51406,50,26,0.00781,10,4439,0 days 00:02:09,129.95,00:02:09
Trouser-navy,12,13,0.61538,0,0,0.0,0,40,0 days 00:04:13,253.15,00:04:13
t-shirt-teal,16,16,0.625,2,1,0.04761,1,37,0 days 00:01:53,113.5,00:01:53
jeans-navy,29,32,0.625,0,1,0.03125,1,81,0 days 00:00:59,59.31,00:00:59
jeans-navy,18,19,0.63157,1,1,0.0,0,63,0 days 00:04:21,261.63,00:04:21
Trouser-petrol,9,9,0.55555,0,0,0.0,0,18,0 days 00:00:38,38.66,00:00:38
t-shirt-navy,27,45,0.84293,0,1,0.02222,1,79,0 days 00:00:52,52.08,00:00:52
t-shirt-black,43,63,0.5873,1,1,0.01587,1,206,0 days 00:04:05,245.74,00:04:05
polo-green,749,817,0.52386,21,16,0.00734,6,2550,0 days 00:01:36,96.51,00:01:36
Jacket-green,5,11,0.81818,0,0,0.0,0,16,0 days 00:00:20,20.27,00:00:20
jeans-grey,810,904,0.63716,23,17,0.00774,7,2349,0 days 00:01:43,103.23,00:01:43
jeans-green,259,291,0.63573,7,7,0.00687,2,847,0 days 00:03:00,180.8,00:03:00
t-shirt-rust,79,89,0.67415,3,1,0.01123,1,199,0 days 00:00:47,47.59,00:00:47
jeans-blue,131,151,0.68874,7,3,0.00662,1,448,0 days 00:02:16,136.17000000000002,00:02:16
t-shirt-white,20,23,0.60869,1,2,0.04761,2,70,0 days 00:03:26,206.91,00:03:26
t-shirt-purple,1347,1403,0.56806,50,20,0.00356,5,3886,0 days 00:01:27,87.62,00:01:27
Sweatshirt-green,23,26,0.6923,0,0,0.0,0,40,0 days 00:00:13,13.46,00:00:13
t-shirt-green,50,54,0.44444,3,4,0.01851,1,354,0 days 00:04:03,243.77,00:04:03
t-shirt-purple,332,363,0.53168,12,9,0.00826,3,1463,0 days 00:03:05,185.2,00:03:05
t-shirt-turq,225,273,0.63003,12,9,0.00732,2,696,0 days 00:01:33,93.63,00:01:33
Sweatshirt-blue,1719,1871,0.60631,50,23,0.0033,7,4541,0 days 00:01:29,89.76,00:01:29
t-shirt-pink,69,80,0.63749,3,5,0.04761,4,207,0 days 00:02:22,142.9,00:02:22
jeans-navy,22,26,0.76923,0,0,0.0,0,37,0 days 00:00:14,14.34,00:00:14
t-shirt-green,4,5,0.66666,0,0,0.0,0,14,0 days 00:01:25,85.33,00:01:25
polo-mustard,5,5,0.6,0,0,0.0,0,13,0 days 00:02:06,126.8,00:02:06
Trouser-purple,252,294,0.5136,14,9,0.017,5,1250,0 days 00:02:39,159.62,00:02:39
polo-petrol,251,300,0.65666,7,7,0.00666,2,769,0 days 00:01:38,98.02,00:01:38
t-shirt-white,1719,1871,0.7245,50,7,0.0,0,4541,0 days 00:00:37,37.77,00:00:37
t-shirt-red,1719,1871,0.76273,40,11,0.00161,4,4541,0 days 00:00:30,30.41,00:00:30
Trouser-blue,54,66,0.68181,0,1,0.01515,1,197,0 days 00:02:07,127.4,00:02:07
t-shirt-prune,13,16,0.75,0,0,0.0,0,24,0 days 00:00:32,32.93,00:00:32
t-shirt-black,101,107,0.6542,3,4,0.01869,2,393,0 days 00:02:15,135.68,00:02:15
t-shirt-blue,17,17,0.82352,0,1,0.0,0,24,0 days 00:01:08,68.58,00:01:08
Jacket-black,135,145,0.55172,1,1,0.0,0,458,0 days 00:01:22,82.11,00:01:22
t-shirt-green,14,14,0.57142,1,0,0.0,0,36,0 days 00:00:29,29.14,00:00:29
Trouser-olive,756,777,0.68339,40,3,0.00257,2,1406,0 days 00:00:51,51.11,00:00:51
Trouser-olive,301,348,0.52873,6,16,0.00862,3,1217,0 days 00:02:46,166.19,00:02:46
polo-purple,296,330,0.8,2,0,0.0,0,529,0 days 00:00:37,37.46,00:00:37
Trouser-black,45,83,0.75903,2,0,0.0,0,180,0 days 00:00:41,41.89,00:00:41
t-shirt-maroon,138,155,0.61935,6,3,0.0,0,434,0 days 00:01:48,108.29,00:01:48
jeans-navy,102,106,0.60377,3,2,0.00943,1,284,0 days 00:01:22,82.49,00:01:22
jeans-black,202,223,0.69955,5,4,0.00896,2,485,0 days 00:01:08,68.73,00:01:08
Jacket-olive,115,145,0.57241,3,2,0.01379,2,537,0 days 00:01:48,108.13,00:01:48
polo-maroon,231,266,0.43984,11,15,0.01127,3,1181,0 days 00:03:03,183.31,00:03:03
Trouser-beige,41,46,0.71739,1,2,0.0,0,167,0 days 00:02:12,132.34,00:02:12
Jacket-navy,24,25,0.64,0,0,0.0,0,42,0 days 00:00:35,35.44,00:00:35
polo-blue,880,938,0.64179,18,9,0.00533,5,2128,0 days 00:01:11,71.57,00:01:11
t-shirt-navy,73,81,0.72839,1,2,0.02469,2,167,0 days 00:00:58,58.95,00:00:58
Trouser-black,255,280,0.73571,1,1,0.0,0,564,0 days 00:00:48,48.5,00:00:48
polo-pink,5,5,0.6,0,0,0.0,0,10,0 days 00:02:01,121.4,00:02:01
t-shirt-maroon,9,9,0.66666,0,0,0.0,0,53,0 days 00:07:51,471.11,00:07:51
jeans-blue,1177,1279,0.62705,33,21,0.00469,6,3283,0 days 00:01:43,103.11,00:01:43
polo-blue,152,172,0.68604,2,2,0.01162,2,371,0 days 00:01:20,80.83,00:01:20
Trouser-navy,47,107,0.7757,1,1,0.00934,1,174,0 days 00:02:37,157.31,00:02:37
t-shirt-blue,62,68,0.69117,2,0,0.0,0,155,0 days 00:00:57,57.86,00:00:57
polo-beige,4,5,0.75,0,0,0.0,0,10,0 days 00:00:40,40.5,00:00:40
t-shirt-green,28,28,0.82142,1,0,0.0,0,36,0 days 00:00:10,10.6,00:00:10
polo-black,1719,1871,0.70096,32,14,0.00211,7,4541,0 days 00:01:01,61.45,00:01:01
Trouser-maroon,272,295,0.62372,6,3,0.00338,1,826,0 days 00:01:36,96.98,00:01:36
Jacket-beige,373,401,0.62593,3,2,0.0,0,874,0 days 00:00:47,47.64,00:00:47
t-shirt-navy,25,26,0.57692,0,0,0.0,0,62,0 days 00:01:53,113.96,00:01:53
jeans-blue,159,170,0.77647,2,2,0.0,0,250,0 days 00:00:31,31.11,00:00:31
Trouser-olive,166,173,0.69942,5,6,0.01156,2,386,0 days 00:01:13,73.81,00:01:13
t-shirt-white,565,604,0.4735,32,26,0.0149,9,2326,0 days 00:02:20,140.04,00:02:20
Jacket-grey,567,653,0.57274,10,6,0.00153,1,1813,0 days 00:01:40,100.18,00:01:40
t-shirt-purple,221,252,0.62301,6,0,0.0,0,577,0 days 00:01:14,74.71000000000001,00:01:14
t-shirt-navy,406,424,0.7665,5,1,0.0,0,778,0 days 00:00:48,48.3,00:00:48
Jacket-navy,453,508,0.62204,7,5,0.00393,2,1315,0 days 00:01:14,74.53,00:01:14
t-shirt-white,129,135,0.68888,4,2,0.0,0,297,0 days 00:01:31,91.67,00:01:31
Sweatshirt-pink,15,17,0.7647,1,0,0.0,0,37,0 days 00:00:25,25.35,00:00:25
Trouser-black,256,300,0.64333,4,10,0.01333,4,762,0 days 00:02:12,132.18,00:02:12
Trouser-beige,66,73,0.68493,1,1,0.0,0,184,0 days 00:02:11,131.19,00:02:11
Trouser-petrol,135,148,0.68243,4,1,0.00675,1,269,0 days 00:00:37,37.97,00:00:37
polo-olive,82,90,0.62222,1,1,0.0,0,228,0 days 00:02:22,142.26,00:02:22
polo-grey,1719,1871,0.67149,50,26,0.00782,20,4541,0 days 00:01:10,70.49,00:01:10
Trouser-green,13,13,0.46153,1,1,0.04761,1,55,0 days 00:03:14,194.15,00:03:14
t-shirt-white,23,24,0.84293,1,0,0.0,0,26,0 days 00:00:04,4.37,00:00:04
polo-white,35,40,0.5,3,2,0.025,1,148,0 days 00:01:49,109.97,00:01:49
t-shirt-purple,292,326,0.6595,9,11,0.0184,6,833,0 days 00:01:09,69.21000000000001,00:01:09
Trouser-mustard,52,59,0.61016,0,0,0.0,0,144,0 days 00:00:39,39.72,00:00:39
Trouser-white,75,101,0.60396,2,1,0.0,0,240,0 days 00:02:18,138.32999999999998,00:02:18
Jacket-pink,53,62,0.56451,0,0,0.0,0,131,0 days 00:00:37,37.43,00:00:37
polo-green,1462,1505,0.78803,26,2,0.0,0,2349,0 days 00:00:33,33.65,00:00:33
polo-black,488,523,0.67686,23,9,0.00382,2,1302,0 days 00:01:29,89.78,00:01:29
polo-blue,425,475,0.61263,17,13,0.00631,3,1462,0 days 00:01:45,105.41,00:01:45
Trouser-beige,801,896,0.58928,33,24,0.00446,4,2955,0 days 00:02:44,164.03,00:02:44
polo-green,23,25,0.64,2,1,0.0,0,96,0 days 00:02:28,148.07999999999998,00:02:28
polo-white,36,38,0.71052,0,1,0.0,0,73,0 days 00:01:50,110.89,00:01:50
Jacket-maroon,1719,1871,0.54831,50,26,0.00941,26,4541,0 days 00:01:30,90.94,00:01:30
polo-beige,297,325,0.6123,11,7,0.00923,3,870,0 days 00:02:00,120.24,00:02:00
polo-beige,1719,1871,0.55613,50,24,0.00476,11,4541,0 days 00:01:50,110.72,00:01:50
polo-navy,1285,1364,0.58284,40,22,0.00513,7,4051,0 days 00:01:12,72.22,00:01:12
t-shirt-maroon,4,6,0.66666,0,0,0.0,0,22,0 days 00:01:09,69.16,00:01:09
Sweatshirt-mustard,200,203,0.77339,3,1,0.0,0,285,0 days 00:00:24,24.83,00:00:24
jeans-blue,16,25,0.84293,2,0,0.0,0,62,0 days 00:00:26,26.56,00:00:26
Sweatshirt-green,12,16,0.84293,1,0,0.0,0,20,0 days 00:00:13,13.12,00:00:13
jeans-grey,194,205,0.61463,4,2,0.00487,1,514,0 days 00:01:59,119.18,00:01:59
Trouser-white,194,215,0.64651,5,4,0.00465,1,505,0 days 00:01:53,113.03,00:01:53
t-shirt-maroon,88,92,0.7826,0,0,0.0,0,137,0 days 00:00:54,54.36,00:00:54
polo-turq,1134,1231,0.56864,32,10,0.00243,3,4006,0 days 00:01:39,99.17,00:01:39
jeans-blue,85,86,0.79069,3,2,0.0,0,159,0 days 00:00:28,28.73,00:00:28
t-shirt-black,45,47,0.70212,3,0,0.0,0,113,0 days 00:00:41,41.65,00:00:41
Trouser-olive,112,129,0.6124,2,3,0.00775,1,383,0 days 00:02:12,132.21,00:02:12
Sweatshirt-green,160,164,0.84293,0,0,0.0,0,202,0 days 00:00:19,19.54,00:00:19
polo-beige,33,41,0.68292,0,0,0.0,0,133,0 days 00:01:15,75.68,00:01:15
t-shirt-white,505,517,0.54738,29,20,0.00773,4,1681,0 days 00:01:44,104.0,00:01:44
polo-grey,61,77,0.62337,3,0,0.0,0,244,0 days 00:01:42,102.87,00:01:42
Trouser-maroon,1318,1413,0.63694,22,12,0.00283,4,3449,0 days 00:01:19,79.03999999999999,00:01:19
t-shirt-pink,83,92,0.51086,6,10,0.04761,8,418,0 days 00:02:54,174.11,00:02:54
t-shirt-beige,115,138,0.65942,5,10,0.02898,4,407,0 days 00:02:39,159.44,00:02:39
t-shirt-black,97,99,0.59595,2,3,0.0101,1,265,0 days 00:01:07,67.56,00:01:07
jeans-white,18,19,0.57894,0,1,0.0,0,95,0 days 00:03:16,196.84,00:03:16
t-shirt-black,301,353,0.64305,10,13,0.00566,2,926,0 days 00:01:52,112.34,00:01:52
Trouser-green,1719,1871,0.63202,50,26,0.00586,14,4541,0 days 00:01:24,84.7,00:01:24
polo-mustard,1639,1707,0.60925,50,22,0.00527,9,4527,0 days 00:01:15,75.97,00:01:15
Sweatshirt-green,25,25,0.84,0,0,0.0,0,34,0 days 00:00:07,7.2,00:00:07
polo-black,380,453,0.73068,11,8,0.00441,2,933,0 days 00:00:50,50.07,00:00:50
Trouser-maroon,1282,1334,0.7841,41,3,0.00074,1,2038,0 days 00:00:44,44.42,00:00:44
jeans-yellow,55,86,0.77906,2,0,0.0,0,137,0 days 00:00:31,31.29,00:00:31
jeans-blue,13,14,0.4375,0,0,0.0,0,44,0 days 00:02:30,150.57,00:02:30
t-shirt-black,8,12,0.58333,1,1,0.0,0,66,0 days 00:04:20,260.5,00:04:20
Jacket-yellow,829,939,0.50372,30,18,0.00425,4,3174,0 days 00:02:01,121.96,00:02:01
Trouser-brown,523,553,0.67992,6,6,0.00904,5,1262,0 days 00:01:10,70.78999999999999,00:01:10
Trouser-grey,29,29,0.62068,0,0,0.0,0,53,0 days 00:00:26,26.03,00:00:26
Trouser-coffee,154,171,0.70175,7,2,0.01169,2,435,0 days 00:02:03,123.49,00:02:03
Trouser-brown,77,87,0.74712,0,0,0.0,0,196,0 days 00:01:32,92.39,00:01:32
t-shirt-blue,223,269,0.4375,13,16,0.01486,4,1170,0 days 00:02:22,142.91,00:02:22
Trouser-navy,569,619,0.66235,16,5,0.00161,1,1331,0 days 00:00:54,54.69,00:00:54
Trouser-beige,1719,1871,0.57137,50,26,0.01089,26,4541,0 days 00:01:43,103.42,00:01:43
Jacket-brown,7,15,0.84293,0,0,0.0,0,17,0 days 00:00:01,1.2,00:00:01
t-shirt-grey,21,22,0.68181,1,0,0.0,0,55,0 days 00:02:46,166.27,00:02:46
t-shirt-green,1369,1448,0.59323,30,7,0.00069,1,4247,0 days 00:01:10,70.46000000000001,00:01:10
Sweatshirt-olive,96,100,0.6,4,2,0.01,1,307,0 days 00:02:12,132.59,00:02:12
Trouser-black,121,140,0.5,7,5,0.01428,2,486,0 days 00:03:08,188.55,00:03:08
t-shirt-green,170,360,0.84293,1,1,0.0,0,416,0 days 00:00:21,21.56,00:00:21
t-shirt-blue,26,33,0.66666,1,0,0.0,0,80,0 days 00:01:09,69.51,00:01:09
t-shirt-lilac,209,232,0.76724,1,2,0.00431,1,394,0 days 00:00:47,47.87,00:00:47
Trouser-green,135,173,0.56069,5,4,0.01734,3,560,0 days 00:02:11,131.83,00:02:11
polo-green,5,6,0.66666,0,0,0.0,0,10,0 days 00:00:03,3.33,00:00:03
jeans-grey,171,190,0.6421,5,2,0.0,0,522,0 days 00:01:11,71.63,00:01:11
Jacket-red,4,5,0.66666,0,0,0.0,0,10,0 days 00:00:05,5.66,00:00:05
jeans-blue,483,516,0.63953,12,11,0.00387,2,1259,0 days 00:01:03,63.97,00:01:03
Trouser-olive,59,66,0.54545,5,2,0.01515,1,203,0 days 00:02:03,123.1,00:02:03
polo-white,81,89,0.5955,3,3,0.02247,2,279,0 days 00:03:12,192.5,00:03:12
polo-white,320,347,0.63688,8,6,0.00864,3,923,0 days 00:02:03,123.31,00:02:03
t-shirt-purple,156,178,0.5955,7,6,0.02247,4,486,0 days 00:01:48,108.63,00:01:48
Trouser-olive,987,1100,0.64181,20,10,0.00363,4,2792,0 days 00:01:05,65.29,00:01:05
Sweatshirt-white,40,43,0.72093,2,1,0.02325,1,123,0 days 00:02:47,167.82999999999998,00:02:47
Trouser-yellow,75,81,0.53086,2,0,0.0,0,288,0 days 00:01:12,72.82,00:01:12
t-shirt-lilac,37,41,0.7317,1,0,0.0,0,90,0 days 00:00:45,45.29,00:00:45
t-shirt-petrol,16,17,0.52941,1,1,0.04761,1,98,0 days 00:04:43,283.88,00:04:43
Trouser-green,1112,1217,0.65242,15,17,0.00575,7,2993,0 days 00:01:45,105.11,00:01:45
Sweatshirt-grey,152,178,0.5955,5,7,0.01123,2,464,0 days 00:01:45,105.91,00:01:45
t-shirt-petrol,291,299,0.84293,0,0,0.0,0,394,0 days 00:00:09,9.51,00:00:09
Sweatshirt-yellow,1049,1212,0.56023,30,26,0.0066,8,3663,0 days 00:01:53,113.16,00:01:53
t-shirt-navy,77,85,0.52941,5,5,0.01176,1,358,0 days 00:02:55,175.61,00:02:55
Sweatshirt-blue,14,14,0.4375,0,1,0.0,0,47,0 days 00:02:41,161.21,00:02:41
Sweatshirt-black,120,140,0.67857,1,1,0.0,0,303,0 days 00:01:19,79.41,00:01:19
Trouser-black,157,176,0.73863,6,0,0.0,0,317,0 days 00:00:39,39.23,00:00:39
Trouser-navy,116,121,0.66115,6,2,0.0,0,271,0 days 00:00:48,48.71,00:00:48
Trouser-purple,987,1027,0.73125,50,3,0.00097,1,1859,0 days 00:00:39,39.83,00:00:39
Sweatshirt-beige,73,84,0.57142,1,0,0.0,0,189,0 days 00:00:57,57.33,00:00:57
Trouser-brown,76,108,0.54629,4,1,0.00925,1,329,0 days 00:01:48,108.07,00:01:48
polo-purple,363,385,0.74805,7,0,0.0,0,633,0 days 00:00:39,39.92,00:00:39
t-shirt-olive,10,11,0.54545,0,1,0.0,0,26,0 days 00:00:41,41.45,00:00:41
t-shirt-black,12,18,0.5,0,2,0.04761,1,44,0 days 00:02:22,142.66,00:02:22
Sweatshirt-black,573,629,0.69634,21,10,0.00635,4,1432,0 days 00:01:14,74.58,00:01:14
t-shirt-navy,1505,1576,0.54822,49,15,0.00317,5,4541,0 days 00:01:31,91.48,00:01:31
Sweatshirt-white,60,69,0.55072,1,1,0.01449,1,164,0 days 00:01:38,98.49,00:01:38
jeans-black,21,21,0.4375,2,0,0.0,0,70,0 days 00:03:44,224.76,00:03:44
Trouser-pink,291,455,0.7956,4,5,0.00659,3,824,0 days 00:01:06,66.03,00:01:06
t-shirt-rust,325,416,0.53125,23,26,0.0024,1,1411,0 days 00:02:18,138.79,00:02:18
polo-rust,58,64,0.4375,2,2,0.0,0,193,0 days 00:03:35,215.54,00:03:35
Trouser-beige,1719,1871,0.59111,50,26,0.01042,26,4541,0 days 00:01:24,84.7,00:01:24
Trouser-maroon,43,47,0.59574,2,0,0.0,0,154,0 days 00:01:57,117.68,00:01:57
jeans-black,12,12,0.66666,0,0,0.0,0,29,0 days 00:00:58,58.41,00:00:58
polo-green,112,119,0.61344,8,1,0.0,0,297,0 days 00:00:47,47.51,00:00:47
Sweatshirt-yellow,178,203,0.59113,5,7,0.0,0,526,0 days 00:01:28,88.62,00:01:28
t-shirt-peach,93,121,0.57024,1,1,0.0,0,292,0 days 00:02:23,143.28,00:02:23
polo-purple,105,118,0.50847,2,4,0.01694,2,453,0 days 00:02:15,135.36,00:02:15
Trouser-blue,30,39,0.61538,3,2,0.0,0,249,0 days 00:04:10,250.25,00:04:10
polo-purple,26,47,0.82978,1,0,0.0,0,82,0 days 00:00:31,31.57,00:00:31
t-shirt-white,20,22,0.63636,1,0,0.0,0,45,0 days 00:01:28,88.72,00:01:28
t-shirt-pink,4,5,0.5,0,0,0.0,0,42,0 days 00:02:48,168.75,00:02:48
