Cloth_type_color,visitors,sessions,duration,total_bounce_rate,total_carts,total_checkouts,total_conversion,total_orders_placed,total_pageviews,duration_numeric
polo-black,1605,1741,1m58.100516944s,0.6031,30,18,0.00344,6,4541,65.100516944
Jacket-blue,295,342,1m49.245614035s,0.55263,10,4,0.00584,2,1052,64.245614035
Trouser-white,53,60,1m10.3s,0.78333,1,0,0.0,0,97,61.3
Jacket-rust,261,288,1m49.118055555s,0.45138,4,1,0.0,0,987,64.118055555
Sweatshirt-red,168,174,1m28.632183908s,0.50574,4,0,0.0,0,508,62.632183908
Trouser-grey,109,119,2m24.218487394s,0.61344,1,0,0.0,0,298,122.218487394
Jacket-nayy,37,54,1m38.092592592s,0.68518,0,1,0.01851,1,118,63.092592592
Jacket-navy,479,541,1m46.384473197s,0.62107,7,8,0.00924,5,1375,64.384473197
t-shirt-black,20,21,31.19047619s,0.80952,0,0,0.0,0,48,1860.19047619
t-shirt-navy,4,5,46.5s,0.4375,0,0,0.0,0,10,2760.5
Jacket-navy,1100,1234,1m49.709076175s,0.56888,20,19,0.00405,5,3286,64.709076175
jeans-blue,409,527,1m46.332068311s,0.64705,13,12,0.00569,3,1361,64.332068311
Sweatshirt-olive,107,120,1m26.641666666s,0.61666,3,1,0.0,0,238,62.641666666
Trouser-black,541,570,53.184210526s,0.72807,18,3,0.0,0,1078,2940.6
jeans-blue,57,68,1m27.602941176s,0.69117,1,2,0.02941,2,164,62.602941176
Trouser-black,79,90,1m29.8s,0.66666,1,0,0.0,0,191,62.8
polo-white,4,5,44s,0.4375,0,0,0.0,0,10,60.294545454
t-shirt-maroon,748,945,1m18.753439153s,0.69523,12,26,0.00634,6,2149,61.753439153
t-shirt-white,117,142,2m21.014084507s,0.59859,7,14,0.02816,4,494,122.014084507
jeans-blue,155,214,1m29.467289719s,0.69626,9,3,0.00467,1,539,62.467289719
t-shirt-offwhite,21,22,22.136363636s,0.77272,0,0,0.0,0,36,1320.136363636
Trouser-grey,72,81,1m0.481481481s,0.7037,1,1,0.0,0,188,60.481481481
polo-white,1606,1729,2m41.692886061s,0.4375,50,26,0.01156,20,4541,124.692886061
t-shirt-navy,709,784,1m24.8125s,0.61734,24,11,0.0051,4,2046,62.8125
Sweatshirt-pink,1238,1336,44.053892215s,0.70359,11,5,0.00224,3,2526,2640.053892215
jeans-navy,57,63,2m38.46031746s,0.61904,3,0,0.0,0,244,123.46031746
Jacket-maroon,1332,1540,1m26.606493506s,0.63766,35,22,0.00649,10,3701,62.606493506
t-shirt-black,106,118,56.093220338s,0.62711,5,0,0.0,0,286,2940.6
t-shirt-green,1175,1308,1m14.519113149s,0.5451,40,26,0.00688,9,3848,61.519113149
polo-white,208,221,3m21.760180995s,0.4375,5,6,0.0,0,1128,182.760180995
polo-turq,208,250,1m35.472s,0.58399,2,5,0.004,1,654,63.472
polo-black,1471,1616,1m31.584777227s,0.62066,33,24,0.00556,9,4019,63.584777227
Trouser-yellow,96,115,1m39.12173913s,0.70434,1,1,0.0,0,258,63.12173913
t-shirt-blue,22,23,2m32.130434782s,0.65217,1,3,0.04761,3,102,123.130434782
Sweatshirt-black,6,8,3m33.625s,0.75,1,0,0.0,0,14,183.625
t-shirt-navy,27,32,2m35.25s,0.46875,1,3,0.0,0,103,123.25
jeans-navy,10,12,5.25s,0.75,0,0,0.0,0,15,300.25
t-shirt-teal,385,451,1m58.729490022s,0.5011,18,18,0.00443,2,1615,65.729490022
Sweatshirt-green,25,28,13.607142857s,0.84293,0,0,0.0,0,30,780.607142857
Trouser-purple,55,63,2m22.873015873s,0.4375,1,1,0.01587,1,216,122.873015873
t-shirt-white,33,43,28s,0.8372,0,0,0.0,0,95,60.294545454
Sweatshirt-green,4,5,0s,0.84293,0,0,0.0,0,10,60.294545454
polo-pink,729,764,2m18.886125654s,0.53926,23,9,0.00916,7,2547,121.886125654
polo-maroon,7,7,3m51.142857142s,0.71428,1,1,0.04761,1,33,185.142857142
Trouser-turq,10,13,4m45.692307692s,0.46153,1,0,0.0,0,66,244.692307692
t-shirt-turq,32,39,1m6.179487179s,0.61538,1,0,0.0,0,68,60.294545454
jeans-blue,38,42,1m49s,0.71428,1,0,0.0,0,119,109.0
jeans-black,20,20,2m7.3s,0.5,0,0,0.0,0,71,120.3
polo-white,21,22,1m11.454545454s,0.63636,0,0,0.0,0,64,61.454545454
t-shirt-mustard,6,9,13.222222222s,0.77777,0,0,0.0,0,14,780.222222222
Sweatshirt-maroon,18,21,2m5.142857142s,0.66666,1,0,0.0,0,81,120.142857142
t-shirt-brown,125,129,24.906976744s,0.8217,3,1,0.00775,1,218,1440.906976744
t-shirt-blue,246,261,41.977011494s,0.74712,5,0,0.0,0,441,2460.977011494
t-shirt-white,10,10,3m14.5s,0.4375,0,0,0.0,0,40,181.5
Trouser-navy,35,37,56.675675675s,0.7027,0,1,0.02702,1,80,2940.6
Sweatshirt-pink,52,63,2m20s,0.50793,2,0,0.0,0,180,140.0
polo-green,318,362,1m15.17679558s,0.68784,4,3,0.00276,1,726,61.17679558
polo-blue,1719,1871,1m42.218134715s,0.64196,50,19,0.00414,8,4541,64.218134715
polo-navy,231,267,1m44.101123595s,0.64794,8,3,0.00374,1,655,64.101123595
t-shirt-blue,156,181,3m14.701657458s,0.55248,7,7,0.02762,5,695,181.701657458
Sweatshirt-petrol,15,28,5m42.571428571s,0.64285,1,2,0.03571,1,112,304.571428571
Trouser-grey,1719,1871,37.266301088s,0.73961,50,26,0.00111,13,4541,2220.266301088
polo-pink,511,562,1m48.5s,0.66192,15,6,0.00533,3,1417,64.5
Sweatshirt-blue,208,229,1m1.602620087s,0.61135,4,3,0.0,0,571,60.602620087
t-shirt-purple,118,132,2m2.742424242s,0.45454,8,9,0.0,0,518,120.742424242
polo-white,1719,1871,32.047651208s,0.77089,50,26,0.00075,10,4541,1920.047651208
jeans-black,363,377,58.310344827s,0.66047,1,3,0.00265,1,749,2940.6
Trouser-white,94,99,2m23.161616161s,0.66666,1,2,0.0202,2,267,122.161616161
polo-olive,92,99,1m44.05050505s,0.61616,5,4,0.0101,1,246,64.05050505
t-shirt-pink,4,5,2.4s,0.6,0,0,0.0,0,10,120.4
Trouser-black,1065,1185,1m9.406751054s,0.63459,19,12,0.00421,5,2839,60.406751054
t-shirt-pink,9,10,12.6s,0.8,0,0,0.0,0,16,720.6
jeans-blue,114,118,1m1.864406779s,0.66949,0,1,0.0,0,233,60.864406779
t-shirt-petrol,303,328,1m25.844512195s,0.67682,9,6,0.00914,3,714,62.844512195
Jacket-rust,4,5,0s,0.84293,0,0,0.0,0,10,60.294545454
t-shirt-beige,1653,1811,1m11.602981778s,0.69353,33,22,0.00552,10,3783,61.602981778
polo-maroon,316,363,1m58.41322314s,0.51515,19,16,0.02203,8,1272,65.41322314
t-shirt-teal,276,301,29.750830564s,0.80398,8,1,0.0,0,441,1740.750830564
Trouser-black,47,59,3m6.898305084s,0.4375,1,4,0.01694,1,270,180.898305084
Sweatshirt-pink,497,512,34.390625s,0.71289,30,1,0.0,0,858,2040.390625
Sweatshirt-white,4,5,4.5s,0.5,0,0,0.0,0,10,240.5
Sweatshirt-navy,237,261,1m8.310344827s,0.72413,6,6,0.00766,2,558,60.310344827
polo-white,544,629,1m57.098569157s,0.6248,6,11,0.00635,4,1666,65.098569157
Sweatshirt-teal,33,35,36.685714285s,0.84293,0,1,0.02857,1,44,2160.685714285
Jacket-purple,26,31,31.129032258s,0.74193,0,0,0.0,0,69,1860.129032258
jeans-black,29,33,5m36.484848484s,0.45454,0,0,0.0,0,101,303.484848484
Trouser-purple,258,334,1m11.359281437s,0.77844,9,3,0.0,0,701,61.359281437
t-shirt-grey,588,620,1m10.466129032s,0.68064,5,4,0.00483,3,1321,61.466129032
Sweatshirt-grey,4,5,0s,0.84293,0,0,0.0,0,10,60.294545454
Jacket-red,1719,1871,1m2.022857142s,0.63032,27,15,0.00175,4,4541,60.294545454
polo-petrol,49,58,7m41.379310344s,0.4375,3,2,0.0,0,348,424.379310344
Trouser-green,192,208,1m45.384615384s,0.65384,4,4,0.01923,4,685,64.384615384
t-shirt-green,1143,1198,33.686143572s,0.75125,27,4,0.00166,2,2046,1980.686143572
polo-white,388,413,1m29.905569007s,0.62469,7,2,0.00242,1,1031,62.905569007
polo-petrol,37,39,1m30.41025641s,0.53846,0,0,0.0,0,104,63.41025641
Jacket-navy,157,178,1m27.280898876s,0.52247,2,5,0.00561,1,557,62.280898876
Jacket-maroon,1719,1871,1m14.830685428s,0.55015,40,19,0.00272,6,4541,61.830685428
polo-blue,1719,1853,2m17.057204533s,0.50728,50,26,0.01349,25,4541,121.057204533
Jacket-lavender,335,366,1m57.740437158s,0.50546,11,4,0.00546,2,1166,65.740437158
Sweatshirt-black,242,251,1m35.804780876s,0.82868,5,0,0.0,0,418,63.804780876
t-shirt-white,1099,1192,1m54.526006711s,0.59479,33,26,0.00922,11,3378,65.526006711
jeans-blue,44,47,2m5.14893617s,0.53191,1,3,0.02127,1,140,120.14893617
t-shirt-prune,7,7,5m32.714285714s,0.4375,0,0,0.0,0,31,303.714285714
polo-1,5,6,35.833333333s,0.66666,0,0,0.0,0,10,2100.833333333
Jacket-blue,1719,1867,1m20.366363149s,0.58971,45,26,0.00535,10,4541,62.366363149
Trouser-rust,165,205,2m29.175609756s,0.59512,5,10,0.03414,7,818,122.175609756
Trouser-green,120,135,1m53.725925925s,0.57777,0,3,0.0,0,393,65.725925925
t-shirt-navy,804,893,1m9.772676371s,0.61142,32,15,0.00223,2,2007,60.772676371
Jacket-navy,323,385,1m48.927272727s,0.60519,11,11,0.01818,7,919,64.927272727
t-shirt-green,22,26,14.576923076s,0.84293,0,0,0.0,0,32,840.576923076
Jacket-black,1599,1867,1m42.690412426s,0.63577,32,26,0.00535,10,4342,64.690412426
jeans-purple,56,71,4m2.112676056s,0.54929,3,1,0.01408,1,320,240.112676056
t-shirt-teal,1719,1871,33.590527077s,0.75588,50,26,0.00055,10,4541,1980.590527077
Jacket-blue,136,146,1m59.164383561s,0.59589,5,6,0.01369,2,391,65.164383561
jeans-blue,57,65,1m26.276923076s,0.63076,2,2,0.0,0,221,62.276923076
t-shirt-blue,102,133,1m24.458646616s,0.66165,10,2,0.00751,1,357,62.458646616
Sweatshirt-purple,30,48,1m8.833333333s,0.66666,0,2,0.02083,1,103,60.833333333
t-shirt-yellow,242,256,3m13.34375s,0.46875,5,7,0.01171,3,1127,181.34375
t-shirt-pink,4,5,0s,0.84293,0,0,0.0,0,10,60.294545454
t-shirt-white,1719,1871,1m46.389893179s,0.4375,50,26,0.00246,6,4541,64.389893179
Jacket-beige,472,533,1m43.09380863s,0.69981,14,10,0.00938,5,1211,64.09380863
Sweatshirt-beige,23,23,1m8.260869565s,0.84293,0,0,0.0,0,33,60.294545454
Sweatshirt-white,4,5,4m18s,0.4375,0,1,0.04761,1,28,258.0
polo-yellow,291,352,2m5.411931818s,0.53125,12,9,0.0142,5,1292,120.411931818
t-shirt-peach,44,49,2m50.673469387s,0.48979,5,4,0.0204,1,213,125.673469387
polo-brown,10,15,32.4s,0.73333,0,0,0.0,0,36,1920.4
Trouser-yellow,45,48,1m8.1875s,0.72916,0,0,0.0,0,108,60.294545454
t-shirt-orange,4,5,14m50.5s,0.4375,0,0,0.0,0,26,845.5
t-shirt-white,1101,1170,2m18.795726495s,0.52735,29,25,0.00598,7,4195,121.795726495
Trouser-beige,80,92,2m44.608695652s,0.59782,2,4,0.02173,2,289,124.608695652
t-shirt-black,34,36,2m30.361111111s,0.72222,2,2,0.04761,2,129,123.361111111
Trouser-blue,199,233,3m3.927038626s,0.48497,9,3,0.00429,1,1010,180.927038626
Sweatshirt-blue,1719,1871,55.878566997s,0.71277,50,26,0.00263,17,4541,2940.6
t-shirt-blue,138,158,1m23.170886075s,0.56329,8,0,0.0,0,489,62.170886075
t-shirt-olive,7,8,19.375s,0.5,0,0,0.0,0,18,1140.375
Sweatshirt-blue,17,17,54.647058823s,0.82352,3,0,0.0,0,38,2940.6
Trouser-purple,709,1443,44.943866943s,0.84293,7,2,0.00069,1,2012,2640.943866943
jeans-blue,5,5,49.6s,0.6,0,1,0.0,0,10,2940.6
Jacket-olive,573,635,2m5.590551181s,0.537,19,11,0.01102,7,2023,120.590551181
Trouser-white,566,636,1m41.10062893s,0.62893,13,6,0.00471,3,1715,64.10062893
Sweatshirt-black,137,152,1m42.157894736s,0.63815,3,2,0.0,0,324,64.157894736
t-shirt-black,23,24,2m2.791666666s,0.70833,2,3,0.04166,1,84,120.791666666
t-shirt-pink,491,542,2m37.684501845s,0.59594,24,22,0.01291,7,1927,123.684501845
Trouser-green,422,460,1m40.447826086s,0.64565,5,5,0.00217,1,1146,64.447826086
t-shirt-olive,20,31,1m58.419354838s,0.67741,0,1,0.0,0,92,65.419354838
t-shirt-green,446,471,34.426751592s,0.76433,13,0,0.0,0,745,2040.426751592
t-shirt-green,64,74,1m14.621621621s,0.66216,2,1,0.0,0,163,61.621621621
Trouser-olive,139,149,1m58.812080536s,0.55033,1,0,0.0,0,526,65.812080536
jeans-navy,65,71,57.169014084s,0.57746,2,0,0.0,0,303,2940.6
t-shirt-black,16,19,2m0.526315789s,0.47368,2,1,0.0,0,103,120.526315789
Trouser-grey,86,94,1m43.393617021s,0.60638,1,0,0.0,0,263,64.393617021
polo-green,1110,1161,48.055986218s,0.69681,37,6,0.00258,3,2154,2880.055986218
t-shirt-pink,50,56,1m34.767857142s,0.76785,1,0,0.0,0,101,63.767857142
Trouser-beige,16,19,1m40.789473684s,0.57894,0,0,0.0,0,102,64.789473684
polo-yellow,33,36,23.444444444s,0.75,0,0,0.0,0,66,1380.444444444
polo-peach,326,353,2m21.688385269s,0.5779,17,9,0.01133,4,1329,122.688385269
t-shirt-purple,8,9,4m11.333333333s,0.44444,0,0,0.0,0,20,241.333333333
Trouser-navy,261,280,1m12.492857142s,0.67142,2,1,0.0,0,649,61.492857142
t-shirt-white,743,862,1m51.109048723s,0.57308,44,26,0.00928,8,2629,65.109048723
Sweatshirt-petrol,5,6,0s,0.84293,0,0,0.0,0,10,60.294545454
Trouser-turq,502,565,1m42.219469026s,0.58053,11,5,0.00176,1,1711,64.219469026
Trouser-petrol,1258,1321,1m27.074943224s,0.5791,41,13,0.00227,3,3936,62.074943224
t-shirt-pink,387,442,1m32.708144796s,0.64705,16,11,0.00904,4,1243,63.708144796
t-shirt-rust,12,13,31.076923076s,0.53846,0,0,0.0,0,29,1860.076923076
polo-navy,258,299,1m56.381270903s,0.59197,7,8,0.01003,3,1093,65.381270903
polo-green,33,38,1m46.815789473s,0.5,3,2,0.02631,1,173,64.815789473
polo-blue,37,37,2m22.324324324s,0.62162,2,1,0.02702,1,145,122.324324324
jeans-blue,102,142,1m41.669014084s,0.73943,1,2,0.01408,2,247,64.669014084
Trouser-navy,268,307,1m11.234527687s,0.58306,5,2,0.00325,1,887,61.234527687
jeans-navy,129,140,49.142857142s,0.65,3,2,0.00714,1,372,2940.142857142
polo-blue,137,155,1m51.4s,0.45806,9,6,0.0,0,661,65.4
t-shirt-white,24,32,3m29.625s,0.59375,1,0,0.0,0,125,182.625
t-shirt-black,488,504,52.736111111s,0.76388,7,2,0.00198,1,889,2940.6
Jacket-olive,28,33,2m40.696969696s,0.51515,0,0,0.0,0,104,124.696969696
jeans-blue,115,146,1m26.801369863s,0.63698,3,4,0.00684,1,353,62.801369863
Sweatshirt-navy,8,9,2m40.111111111s,0.55555,0,1,0.04761,1,37,124.111111111
polo-white,294,333,1m51.936936936s,0.62162,9,12,0.01501,5,948,65.936936936
jeans-blue,559,627,2m0.465709728s,0.63476,22,15,0.00797,5,1822,120.465709728
t-shirt-white,34,39,2m30.871794871s,0.51282,0,1,0.02564,1,138,123.871794871
Jacket-green,16,31,1m1.93548387s,0.70967,0,0,0.0,0,67,60.93548387
jeans-navy,166,185,1m45.67027027s,0.64864,5,3,0.0054,1,530,64.67027027
polo-black,308,342,2m43.435672514s,0.52339,22,16,0.02046,7,1624,124.435672514
polo-petrol,409,466,2m57.371244635s,0.4375,16,12,0.01072,5,1882,125.371244635
Trouser-black,303,321,1m31.582554517s,0.51713,7,6,0.00623,2,934,63.582554517
polo-brown,172,193,49.129533678s,0.68393,5,3,0.0,0,397,2940.129533678
t-shirt-black,734,750,29.852s,0.784,21,0,0.0,0,1100,1740.852
t-shirt-black,180,203,1m30.280788177s,0.70935,9,7,0.00985,2,502,63.280788177
Sweatshirt-white,38,50,1m7.54s,0.62,0,0,0.0,0,102,60.54
Jacket-mustard,91,92,2m18.010869565s,0.51086,2,2,0.01086,1,337,121.010869565
Trouser-navy,243,264,50.204545454s,0.75378,6,0,0.0,0,558,2940.6
jeans-navy,327,335,21.065671641s,0.80298,9,1,0.00298,1,474,1260.065671641
t-shirt-purple,25,28,1m45.5s,0.71428,0,2,0.0,0,102,64.5
t-shirt-white,4,5,0s,0.84293,0,0,0.0,0,10,60.294545454
jeans-navy,1719,1871,46.738197424s,0.74391,50,20,0.00286,6,3681,2760.738197424
Trouser-khaki,806,872,54.018348623s,0.74311,19,5,0.00458,4,1668,2940.6
Trouser-purple,1212,1245,48.164658634s,0.75261,32,3,0.0,0,1940,2880.164658634
Jacket-green,4,5,0s,0.84293,0,0,0.0,0,10,60.294545454
Trouser-black,4,5,0s,0.84293,0,0,0.0,0,10,60.294545454
t-shirt-white,735,782,1m40.818414322s,0.59207,42,26,0.00639,5,2221,64.818414322
Jacket-beige,283,333,2m17.924924924s,0.57357,2,2,0.006,2,897,121.924924924
t-shirt-navy,21,25,1m53.04s,0.48,2,0,0.0,0,72,65.04
t-shirt-purple,44,46,55.54347826s,0.5,4,0,0.0,0,115,2940.6
t-shirt-white,5,5,8m30.8s,0.4375,0,0,0.0,0,13,483.8
t-shirt-pink,122,154,2m4.058441558s,0.55844,7,6,0.01948,3,507,120.058441558
Sweatshirt-peach,233,244,25.266393442s,0.76639,8,0,0.0,0,393,1500.266393442
Trouser-black,428,477,1m51.073375262s,0.67714,2,6,0.00628,3,1202,65.073375262
polo-pink,106,111,1m59.819819819s,0.45945,4,4,0.01801,2,408,65.819819819
t-shirt-lilac,7,9,8.222222222s,0.77777,0,0,0.0,0,12,480.222222222
polo-white,1719,1871,38.978713968s,0.7011,50,2,0.0,0,3888,2280.978713968
Trouser-navy,1719,1871,1m21.619219943s,0.62685,50,26,0.00522,13,4541,62.619219943
t-shirt-pink,490,540,58.39074074s,0.66481,6,4,0.0,0,1211,2940.6
Sweatshirt-pink,14,15,1m43.066666666s,0.53333,0,0,0.0,0,29,64.066666666
Jacket-1,31,39,1m14s,0.58974,1,0,0.0,0,71,74.0
polo-peach,59,72,2m1.402777777s,0.56944,2,1,0.01388,1,238,120.402777777
jeans-blue,533,629,2m1.254372019s,0.53736,26,18,0.00635,4,1994,120.254372019
Trouser-petrol,118,135,2m53.362962962s,0.57777,5,3,0.0,0,516,125.362962962
t-shirt-white,42,44,1m39.954545454s,0.75,0,0,0.0,0,94,63.954545454
t-shirt-white,1297,1337,49.22288706s,0.75093,50,3,0.0,0,2207,2940.22288706
t-shirt-purple,813,840,34.054761904s,0.74761,27,0,0.0,0,1368,2040.054761904
Trouser-petrol,330,362,53.038674033s,0.69889,4,4,0.00828,3,783,2940.6
jeans-blue,417,485,2m24.64742268s,0.58144,22,26,0.01649,8,1564,122.64742268
t-shirt-blue,118,129,1m45.581395348s,0.54263,6,1,0.0,0,432,64.581395348
t-shirt-maroon,46,50,1m47.6s,0.6,2,0,0.0,0,160,64.6
t-shirt-rust,309,335,1m5.146268656s,0.61791,5,6,0.00895,3,747,60.294545454
t-shirt-rust,23,31,3m56.193548387s,0.48387,3,1,0.03225,1,147,185.193548387
jeans-blue,200,228,1m56.850877192s,0.64035,6,6,0.02192,5,578,65.850877192
polo-blue,4,5,0s,0.84293,0,0,0.0,0,10,60.294545454
Jacket-blue,1719,1871,1m40.563744504s,0.63253,50,26,0.00672,26,4541,64.563744504
Sweatshirt-petrol,999,1113,1m29.70619946s,0.56513,24,17,0.00359,4,2909,62.70619946
Trouser-black,193,202,1m4.470297029s,0.75742,1,0,0.0,0,367,60.470297029
polo-petrol,641,679,3m29.695139911s,0.4375,31,26,0.01325,9,4114,182.695139911
Jacket-navy,694,773,57.573091849s,0.73221,3,1,0.0,0,1376,2940.6
t-shirt-grey,1702,1827,52.649151614s,0.72742,44,20,0.00273,5,3402,2940.6
polo-olive,301,346,1m40.502890173s,0.58092,5,1,0.0,0,1115,64.502890173
Sweatshirt-black,15,17,2m6.529411764s,0.52941,1,0,0.0,0,45,120.529411764
Sweatshirt-black,1719,1871,1m26.094794998s,0.65135,50,26,0.00785,26,4541,62.094794998
Trouser-olive,58,72,2m59.319444444s,0.69444,2,5,0.01388,1,282,125.319444444
Jacket-green,14,16,1m18.1875s,0.8125,1,0,0.0,0,24,61.1875
Trouser-mustard,1719,1871,1m25.359527627s,0.61408,50,26,0.00554,26,4541,62.359527627
t-shirt-yellow,17,34,57.705882352s,0.84293,2,0,0.0,0,96,2940.6
Trouser-black,214,232,2m23.887931034s,0.56896,8,2,0.00431,1,731,122.887931034
polo-navy,254,285,2m10.694736842s,0.57192,7,3,0.0,0,983,121.694736842
polo-beige,268,283,43.098939929s,0.69964,3,2,0.00353,1,597,2580.098939929
t-shirt-navy,11,13,3m23.307692307s,0.6923,0,0,0.0,0,34,182.307692307
t-shirt-blue,327,336,2m26.967261904s,0.55357,12,7,0.00892,3,1048,122.967261904
t-shirt-grey,326,347,26.216138328s,0.84293,3,2,0.00288,1,583,1560.216138328
t-shirt-green,35,38,1m10.552631578s,0.71052,1,1,0.02631,1,89,61.552631578
Sweatshirt-sweatshirt,963,1048,56.314885496s,0.62022,24,11,0.0019,2,2268,2940.6
t-shirt-navy,27,36,1m20.555555555s,0.61111,0,1,0.0,0,73,62.555555555
t-shirt-purple,77,99,2m41.252525252s,0.65656,4,2,0.0101,1,400,124.252525252
t-shirt-yellow,13,14,8.428571428s,0.84293,0,0,0.0,0,18,480.428571428
t-shirt-blue,39,40,2.15s,0.84293,0,0,0.0,0,45,120.15
Trouser-blue,54,61,2m25.803278688s,0.55737,2,0,0.0,0,191,122.803278688
Trouser-blue,608,662,1m14.033232628s,0.58006,27,10,0.00151,1,1990,61.033232628
jeans-blue,150,171,2m10.385964912s,0.66081,3,4,0.00584,1,489,121.385964912
Trouser-white,840,897,1m2.843924191s,0.71237,21,7,0.00334,3,1976,60.843924191
t-shirt-olive,312,358,1m12.131284916s,0.71787,11,12,0.01396,5,899,61.131284916
t-shirt-navy,258,298,2m15.701342281s,0.63422,12,8,0.01677,5,1001,121.701342281
t-shirt-yellow,69,72,1m3.166666666s,0.55555,2,3,0.04166,3,206,60.294545454
Trouser-green,126,146,1m22.157534246s,0.64383,5,4,0.02054,3,368,62.157534246
polo-green,623,1267,32.61878453s,0.84293,6,0,0.0,0,1587,1920.61878453
Jacket-orange,130,143,1m48.636363636s,0.48251,3,0,0.0,0,539,64.636363636
Trouser-blue,8,16,2m19.0625s,0.5625,0,0,0.0,0,53,121.0625
t-shirt-purple,4,5,8m27.25s,0.5,1,1,0.04761,1,22,482.25
polo-pink,130,146,2m45.664383561s,0.56849,5,8,0.01369,2,511,124.664383561
Trouser-navy,138,165,1m30.909090909s,0.57575,4,3,0.00606,1,433,63.909090909
Trouser-red,1310,1451,1m31.681598897s,0.45761,50,26,0.01033,15,4541,63.681598897
Jacket-olive,676,721,1m38.173370319s,0.60055,7,4,0.00277,2,1921,63.173370319
polo-navy,16,18,2m40.944444444s,0.44444,2,3,0.04761,2,87,124.944444444
polo-mustard,5,11,5.727272727s,0.81818,0,0,0.0,0,13,300.727272727
Trouser-olive,1719,1871,1m43.918328584s,0.60113,50,26,0.00379,8,4541,64.918328584
Trouser-grey,955,1088,1m24.473345588s,0.66084,35,23,0.00919,10,2572,62.473345588
t-shirt-pink,397,410,30.995121951s,0.8,5,0,0.0,0,676,1800.995121951
jeans-navy,86,107,1m1.710280373s,0.72897,0,1,0.00934,1,216,60.710280373
t-shirt-coral,32,36,2m12.555555555s,0.44444,2,1,0.0,0,137,121.555555555
t-shirt-white,23,27,1m16.592592592s,0.62962,2,0,0.0,0,82,61.592592592
t-shirt-pink,35,39,1m17.333333333s,0.82051,1,0,0.0,0,70,61.333333333
Jacket-jacket,8,8,1.75s,0.84293,0,0,0.0,0,10,60.75
polo-orange,5,5,12m9.2s,0.4375,0,0,0.0,0,87,720.2
t-shirt-green,504,519,24.267822736s,0.78227,12,1,0.0,0,818,1440.267822736
polo-purple,68,87,2m28.609195402s,0.5977,4,2,0.0,0,279,122.609195402
Sweatshirt-green,12,15,2m49.2s,0.66666,0,1,0.0,0,35,124.2
Trouser-blue,277,309,2m14.974110032s,0.51779,12,9,0.0097,3,1089,121.974110032
Jacket-green,93,104,2m10.125s,0.46153,1,1,0.00961,1,324,121.125
polo-blue,10,13,33.846153846s,0.6923,1,1,0.0,0,28,1980.846153846
Sweatshirt-orange,18,20,1m16.05s,0.8,0,0,0.0,0,27,61.05
t-shirt-olive,249,273,2m11.087912087s,0.53479,14,7,0.00732,2,1088,121.087912087
Jacket-black,191,210,1m15.938095238s,0.57142,6,6,0.00476,1,542,61.938095238
Trouser-beige,20,48,2m22.5s,0.72916,0,0,0.0,0,91,122.5
t-shirt-peach,88,93,2m20.817204301s,0.51612,1,1,0.0,0,338,122.817204301
polo-purple,290,318,1m11.959119496s,0.60691,4,1,0.0,0,812,61.959119496
Trouser-maroon,34,38,52s,0.76315,0,0,0.0,0,68,60.294545454
t-shirt-black,4,5,3m34s,0.4375,0,0,0.0,0,10,214.0
Trouser-navy,215,252,1m38.936507936s,0.5238,8,4,0.00396,1,812,63.936507936
t-shirt-white,354,409,1m58.503667481s,0.60146,12,10,0.00733,3,1000,65.503667481
Trouser-beige,573,602,30.428571428s,0.7774,19,4,0.00332,2,962,1800.428571428
polo-turq,188,206,1m26.208737864s,0.59708,6,6,0.0,0,524,62.208737864
jeans-grey,286,314,1m28.824840764s,0.64331,6,1,0.00318,1,620,62.824840764
t-shirt-purple,1719,1871,37.849745103s,0.7239,50,5,0.0,0,4541,2220.849745103
polo-green,18,19,41s,0.78947,0,0,0.0,0,51,60.294545454
t-shirt-green,711,755,1m37.15231788s,0.57748,37,12,0.00662,5,2284,63.15231788
Trouser-green,553,655,1m26.2s,0.63816,12,6,0.00458,3,1584,62.2
t-shirt-lilac,4,5,9m4s,0.66666,0,0,0.0,0,10,544.0
t-shirt-navy,121,143,4m8.279720279s,0.53146,3,1,0.0,0,562,240.279720279
Jacket-pink,184,225,2m39.76s,0.48888,5,3,0.00888,2,778,123.76
polo-yellow,75,97,1m43.55670103s,0.68041,4,2,0.02061,2,231,64.55670103
Sweatshirt-white,55,67,2m15.119402985s,0.64179,3,1,0.01492,1,203,121.119402985
t-shirt-grey,156,171,1m28.98245614s,0.59064,7,6,0.00584,1,511,62.98245614
Jacket-white,159,201,1m16.87562189s,0.70149,0,7,0.00995,2,465,61.87562189
polo-olive,98,114,1m54.692982456s,0.58771,6,3,0.01754,2,348,65.692982456
Jacket-olive,18,18,2m42.888888888s,0.55555,1,0,0.0,0,42,124.888888888
Trouser-blue,99,105,2m19.495238095s,0.65714,1,2,0.01904,2,308,121.495238095
t-shirt-navy,84,99,2m9.585858585s,0.55555,4,3,0.0202,2,374,120.585858585
polo-teal,1250,1324,1m10.604984894s,0.58912,47,26,0.00981,13,3038,61.604984894
t-shirt-black,19,20,2m55.85s,0.65,0,0,0.0,0,35,125.85
polo-green,58,81,1m51.666666666s,0.45679,1,2,0.01234,1,255,65.666666666
t-shirt-white,4,5,0s,0.84293,0,0,0.0,0,10,60.294545454
t-shirt-purple,415,455,1m1.995604395s,0.66373,14,15,0.01758,8,1088,60.995604395
Jacket-white,4,5,1m24s,0.4375,0,0,0.0,0,10,84.0
Sweatshirt-beige,4,5,5m47s,0.4375,0,0,0.0,0,10,347.0
Sweatshirt-orange,128,139,1m45.345323741s,0.65467,1,1,0.0,0,336,64.345323741
Jacket-black,18,23,1m51.565217391s,0.82608,0,0,0.0,0,70,65.565217391
t-shirt-white,18,19,3m36.789473684s,0.57894,0,1,0.0,0,83,183.789473684
Sweatshirt-petrol,441,484,50.960743801s,0.66115,9,3,0.0,0,1082,2940.6
Trouser-white,1130,1203,1m6.804655029s,0.63674,28,15,0.00166,2,2695,60.804655029
t-shirt-blue,6,7,5m8.285714285s,0.4375,0,0,0.0,0,17,300.285714285
t-shirt-navy,447,476,2m8.665966386s,0.57563,19,19,0.0126,6,1495,120.665966386
Trouser-beige,8,8,3m28.5s,0.75,0,1,0.0,0,59,182.5
t-shirt-turquoise,241,255,1m39.858823529s,0.57647,9,5,0.0,0,681,63.858823529
Sweatshirt-black,84,91,1m52.153846153s,0.81318,2,0,0.0,0,160,65.153846153
t-shirt-purple,1719,1871,1m49.404159132s,0.58408,47,26,0.00452,10,4541,64.404159132
Sweatshirt-brown,61,66,1m57.378787878s,0.46969,1,0,0.0,0,174,65.378787878
t-shirt-white,53,57,1m2.350877192s,0.71929,2,1,0.01754,1,153,60.350877192
t-shirt-navy,65,88,1m19.647727272s,0.76136,1,2,0.0,0,240,61.647727272
Sweatshirt-green,19,21,29.238095238s,0.7619,0,0,0.0,0,46,1740.238095238
jeans-black,7,7,23.857142857s,0.4375,0,0,0.0,0,13,1380.857142857
Jacket-green,445,501,1m56.842315369s,0.57684,5,4,0.00399,2,1246,65.842315369
Trouser-grey,223,252,2m29.158730158s,0.62698,7,5,0.0119,3,705,122.158730158
jeans-navy,138,150,1m16.613333333s,0.63333,7,5,0.02,3,393,61.613333333
polo-green,740,786,1m25.734096692s,0.70229,10,3,0.00127,1,1623,62.734096692
t-shirt-purple,23,33,2m41.696969696s,0.66666,0,1,0.0,0,89,124.696969696
t-shirt-navy,22,24,1m41s,0.75,0,0,0.0,0,61,101.0
t-shirt-green,51,61,1m3.44262295s,0.68852,1,1,0.0,0,117,60.44262295
polo-purple,247,279,2m11.179211469s,0.60573,8,11,0.01792,5,767,121.179211469
t-shirt-white,52,69,3m21.739130434s,0.69565,1,6,0.04347,3,222,182.739130434
polo-navy,39,54,1m13.851851851s,0.77777,1,1,0.01851,1,93,61.851851851
polo-green,37,44,3m3.386363636s,0.63636,1,1,0.0,0,127,180.386363636
jeans-black,125,141,1m21.581560283s,0.6312,3,4,0.00709,1,377,62.581560283
Sweatshirt-mustard,39,43,1m39.720930232s,0.76744,0,0,0.0,0,87,63.720930232
polo-orange,25,34,1m55.794117647s,0.73529,0,0,0.0,0,71,65.794117647
Jacket-green,298,331,2m5.123867069s,0.58006,6,3,0.0,0,1055,120.123867069
Sweatshirt-black,4,5,13m52s,0.66666,0,0,0.0,0,26,832.0
Jacket-navy,356,407,2m11.427518427s,0.60442,16,7,0.00982,4,1196,121.427518427
Sweatshirt-prune,27,27,2m38.259259259s,0.66666,1,1,0.03703,1,139,123.259259259
t-shirt-yellow,19,22,1m49.909090909s,0.68181,1,0,0.0,0,98,64.909090909
polo-white,803,878,2m32.81093394s,0.64578,16,13,0.01025,9,2202,123.81093394
Jacket-blue,27,30,3m39.033333333s,0.56666,2,0,0.0,0,89,183.033333333
polo-pink,7,7,4m38.142857142s,0.4375,0,0,0.0,0,26,243.142857142
Trouser-trouser,1719,1871,1m35.202086553s,0.61785,50,26,0.0054,14,4541,63.202086553
t-shirt-grey,511,571,1m2.77408056s,0.62697,17,7,0.00175,1,1288,60.77408056
t-shirt-blue,13,13,2m17.23076923s,0.4375,0,0,0.0,0,41,121.23076923
jeans-blue,501,545,1m34.102752293s,0.56146,12,6,0.00183,1,1476,63.102752293
t-shirt-blue,19,20,45.95s,0.6,0,0,0.0,0,33,2700.95
t-shirt-black,274,278,43.992805755s,0.76258,5,0,0.0,0,502,2580.992805755
t-shirt-purple,176,205,2m14.097560975s,0.55609,10,11,0.00975,2,813,121.097560975
Jacket-green,128,136,1m3.088235294s,0.70588,4,1,0.0,0,260,60.294545454
t-shirt-pink,4,5,9s,0.5,0,0,0.0,0,10,60.294545454
Trouser-navy,123,135,1m36.844444444s,0.62962,1,0,0.0,0,317,63.844444444
t-shirt-grey,13,13,4m43.769230769s,0.4375,0,0,0.0,0,47,244.769230769
t-shirt-brown,11,13,2m13.307692307s,0.61538,0,0,0.0,0,38,121.307692307
Jacket-blue,164,184,2m6.010869565s,0.52173,2,5,0.02173,4,612,120.010869565
Trouser-pink,205,224,1m23.0625s,0.64732,5,2,0.0,0,541,62.0625
t-shirt-white,33,44,2m32.659090909s,0.5909,1,0,0.0,0,133,123.659090909
polo-purple,13,13,54.538461538s,0.53846,0,0,0.0,0,35,2940.6
polo-black,512,547,1m2.840950639s,0.64899,15,8,0.00548,3,1232,60.840950639
t-shirt-black,874,934,46.55353319s,0.70021,18,8,0.00214,2,1741,2760.55353319
Sweatshirt-blue,74,82,50.31707317s,0.63414,1,1,0.0,0,157,2940.6
t-shirt-navy,58,63,2m53.968253968s,0.68253,2,1,0.01587,1,159,125.968253968
polo-navy,4,5,1m47s,0.6,0,1,0.04761,1,13,107.0
polo-green,217,248,1m34.338709677s,0.60483,7,8,0.00806,2,666,63.338709677
Jacket-beige,546,599,1m44.140233722s,0.58597,12,7,0.00333,2,1418,64.140233722
Trouser-beige,371,423,2m21.475177304s,0.65248,8,9,0.00472,2,1414,122.475177304
Trouser-petrol,245,265,46.622641509s,0.68679,8,1,0.00377,1,495,2760.622641509
t-shirt-black,397,409,37.012224938s,0.77506,13,2,0.0,0,664,2220.012224938
t-shirt-green,8,12,4m35.083333333s,0.66666,0,0,0.0,0,34,243.083333333
t-shirt-green,12,13,1m5.307692307s,0.61538,0,0,0.0,0,22,60.307692307
Trouser-grey,333,350,2m0.905714285s,0.68571,4,7,0.00857,3,886,120.905714285
t-shirt-black,69,72,1m27.736111111s,0.63888,2,2,0.01388,1,185,62.736111111
t-shirt-olive,23,27,57.629629629s,0.59259,2,0,0.0,0,76,2940.6
t-shirt-white,30,33,1m49.545454545s,0.63636,2,1,0.0,0,91,64.545454545
jeans-navy,671,698,37.455587392s,0.77363,11,1,0.0,0,1080,2220.455587392
polo-purple,1719,1871,54.989860583s,0.57963,50,26,0.00802,19,4541,2940.6
polo-yellow,1719,1871,1m55.760984182s,0.47495,50,26,0.00966,22,4541,65.760984182
Trouser-brown,99,103,1m9.504854368s,0.59223,2,1,0.0,0,210,60.504854368
Trouser-pink,55,60,1m15.833333333s,0.4375,3,0,0.0,0,218,61.833333333
Trouser-blue,581,650,1m40.069230769s,0.59076,13,9,0.00307,2,2116,64.069230769
Trouser-green,44,61,1m34.180327868s,0.60655,3,1,0.0,0,193,63.180327868
polo-purple,434,486,1m41.002057613s,0.68724,13,8,0.00617,3,1075,64.002057613
Trouser-navy,32,41,1m23.975609756s,0.51219,0,0,0.0,0,119,62.975609756
t-shirt-petrol,126,138,1m57.68115942s,0.55797,6,6,0.00724,1,502,65.68115942
jeans-blue,833,909,1m14.245324532s,0.65896,17,14,0.0066,6,2035,61.245324532
Sweatshirt-beige,8,8,1m19.375s,0.84293,0,0,0.0,0,21,61.375
Sweatshirt-black,4,6,0s,0.84293,0,0,0.0,0,10,60.294545454
Jacket-olive,148,154,55.72077922s,0.72727,0,0,0.0,0,280,2940.6
t-shirt-purple,1719,1871,33.08095238s,0.74761,50,6,0.00047,1,3385,1980.08095238
Trouser-trouser,11,12,416.666666ms,0.84293,0,0,0.0,0,13,2940.6
Trouser-navy,45,54,1m23.037037037s,0.66666,0,1,0.01851,1,135,62.037037037
t-shirt-black,1719,1871,3m3.076963214s,0.48552,50,26,0.00547,21,4541,180.076963214
Trouser-khaki,316,348,1m25.612068965s,0.64942,5,3,0.0,0,860,62.612068965
Trouser-olive,57,66,2m6.893939393s,0.5303,1,1,0.0,0,241,120.893939393
Trouser-orange,95,115,3m20.339130434s,0.52173,2,4,0.01739,2,356,182.339130434
Sweatshirt-navy,65,82,1m22.219512195s,0.65853,2,2,0.01219,1,166,62.219512195
jeans-white,109,120,1m44.966666666s,0.66666,4,0,0.0,0,266,64.966666666
Jacket-navy,835,924,1m16.196969696s,0.64826,14,7,0.00216,2,2096,61.196969696
Sweatshirt-teal,23,23,27.695652173s,0.82608,0,0,0.0,0,29,1620.695652173
Jacket-maroon,344,377,1m48.328912466s,0.5809,7,5,0.0053,2,1070,64.328912466
Jacket-coffee,6,7,1.714285714s,0.84293,0,0,0.0,0,10,60.714285714
t-shirt-white,18,18,1m33.888888888s,0.55555,2,0,0.0,0,28,63.888888888
Sweatshirt-grey,29,29,1m28.517241379s,0.44827,2,0,0.0,0,96,62.517241379
polo-yellow,183,201,52.930348258s,0.62189,2,4,0.00995,2,505,2940.6
t-shirt-green,578,620,1m8.325806451s,0.6387,18,8,0.00483,3,1486,60.325806451
Sweatshirt-blue,8,8,43.625s,0.5,0,0,0.0,0,18,2580.625
Jacket-olive,16,19,2m39s,0.52631,2,1,0.04761,1,83,159.0
Trouser-navy,65,71,3m41.056338028s,0.54929,3,2,0.01408,1,277,184.056338028
t-shirt-white,38,42,49.333333333s,0.7619,1,1,0.0,0,82,2940.333333333
t-shirt-white,35,46,1m27.434782608s,0.71739,1,1,0.0,0,78,62.434782608
Trouser-grey,276,311,2m8.681672025s,0.57877,8,5,0.00321,1,1015,120.681672025
Jacket-green,12,37,10m10.675675675s,0.4375,1,0,0.0,0,79,601.675675675
t-shirt-blue,65,69,2m16.289855072s,0.52173,3,1,0.0,0,233,121.289855072
polo-brown,601,631,53s,0.64659,17,6,0.00316,2,1374,60.294545454
polo-red,4,5,4m42s,0.4375,1,1,0.04761,1,10,282.0
t-shirt-white,44,48,53.791666666s,0.75,0,0,0.0,0,85,2940.6
jeans-blue,754,843,1m57.690391459s,0.65243,29,21,0.01186,10,2233,65.690391459
Trouser-green,14,16,3m28.375s,0.5,0,0,0.0,0,60,182.375
t-shirt-petrol,1707,1819,53.451346893s,0.63056,28,16,0.00219,4,4400,2940.6
Trouser-olive,291,317,1m16.769716088s,0.60252,9,6,0.0063,2,889,61.769716088
Sweatshirt-green,14,14,9.285714285s,0.71428,0,0,0.0,0,22,540.285714285
polo-blue,40,51,1m14.862745098s,0.68627,0,0,0.0,0,95,61.862745098
t-shirt-navy,770,792,1m35.056818181s,0.54166,21,14,0.00631,5,2604,63.056818181
t-shirt-black,96,106,1m27.490566037s,0.59433,5,2,0.0,0,400,62.490566037
polo-white,1042,1104,43.042572463s,0.7826,20,1,0.0,0,1900,2580.042572463
t-shirt-maroon,8,8,3m16.375s,0.4375,0,0,0.0,0,19,181.375
Trouser-white,78,83,1m21.361445783s,0.68674,8,3,0.02409,2,229,62.361445783
t-shirt-olive,102,120,1m4.725s,0.71666,2,3,0.00833,1,251,60.725
Trouser-olive,154,169,1m39.899408284s,0.66863,4,4,0.00591,1,449,63.899408284
jeans-navy,18,18,2m12.722222222s,0.66666,1,0,0.0,0,50,121.722222222
Jacket-purple,200,218,1m45.513761467s,0.6422,1,1,0.00458,1,526,64.513761467
Sweatshirt-yellow,89,118,26.161016949s,0.84293,1,1,0.00847,1,165,1560.161016949
t-shirt-yellow,1719,1871,46.956707642s,0.71512,50,13,0.00106,2,3880,2760.956707642
Jacket-navy,117,134,2m32.858208955s,0.53731,2,1,0.00746,1,362,123.858208955
Trouser-black,1083,1197,1m26.205513784s,0.67585,28,21,0.00501,6,2728,62.205513784
t-shirt-navy,289,327,1m6.030581039s,0.66055,8,6,0.0,0,713,60.294545454
Sweatshirt-petrol,40,40,15.85s,0.825,0,1,0.025,1,67,900.85
jeans-black,119,136,2m46.286764705s,0.58823,5,3,0.00735,1,484,124.286764705
t-shirt-peach,108,133,1m15.571428571s,0.80451,2,2,0.01503,2,268,61.571428571
Jacket-jacket,966,1019,1m32.326790971s,0.64474,5,3,0.00196,2,2384,63.326790971
Sweatshirt-green,4,5,33m23s,0.4375,0,0,0.0,0,47,2003.0
Trouser-olive,1719,1871,48.712462908s,0.72136,44,13,0.00207,7,4541,2880.712462908
Jacket-green,100,112,2m4.107142857s,0.64285,2,2,0.00892,1,307,120.107142857
Sweatshirt-white,82,86,1m19.418604651s,0.68604,1,0,0.0,0,147,61.418604651
Sweatshirt-navy,11,11,1m31.454545454s,0.63636,0,0,0.0,0,24,63.454545454
Sweatshirt-blue,14,14,2m58.357142857s,0.71428,0,1,0.04761,1,51,125.357142857
Jacket-brown,147,156,1m53.634615384s,0.62179,2,2,0.00641,1,366,65.634615384
Trouser-khaki,1001,1077,1m34.020427112s,0.59888,26,12,0.00464,5,3219,63.020427112
t-shirt-mustrad,104,122,2m27.409836065s,0.51639,2,3,0.01639,2,445,122.409836065
t-shirt-green,98,104,42.519230769s,0.70192,0,0,0.0,0,225,2520.519230769
Sweatshirt-olive,1541,1584,23.948863636s,0.8005,42,0,0.0,0,2303,1380.948863636
jeans-blue,20,20,4m40.65s,0.6,1,0,0.0,0,60,244.65
t-shirt-black,297,325,45.553846153s,0.79076,2,6,0.00923,3,598,2700.553846153
Trouser-navy,620,811,1m51.992601726s,0.56596,21,16,0.00616,5,2352,65.992601726
Sweatshirt-maroon,1317,1421,1m3.03026038s,0.69669,17,12,0.00211,3,3017,60.294545454
t-shirt-red,122,159,1m24.786163522s,0.69811,7,6,0.00628,1,452,62.786163522
t-shirt-olive,434,450,1m52.173333333s,0.56,16,11,0.01333,6,1372,65.173333333
Jacket-red,283,306,1m31.62745098s,0.62091,4,7,0.0098,3,794,63.62745098
polo-purple,100,110,2m39.654545454s,0.6,2,3,0.00909,1,331,123.654545454
Jacket-black,15,21,1m23.142857142s,0.61904,0,0,0.0,0,48,62.142857142
t-shirt-beige,16,17,4m14.176470588s,0.58823,1,2,0.04761,1,100,241.176470588
polo-pink,109,127,1m32.826771653s,0.48818,1,4,0.00787,1,473,63.826771653
Sweatshirt-yellow,567,591,49.697123519s,0.70896,30,2,0.0,0,1156,2940.6
Trouser-black,14,18,2m14.444444444s,0.66666,1,2,0.0,0,65,121.444444444
t-shirt-yellow,25,27,3m42.777777777s,0.48148,0,4,0.03703,1,112,184.777777777
polo-grey,602,1403,20.379900213s,0.84293,3,0,0.0,0,1585,1200.379900213
Trouser-beige,468,545,1m42.9853211s,0.71376,8,13,0.011,6,1389,64.9853211
t-shirt-beige,152,165,1m24.024242424s,0.67878,4,2,0.00606,1,338,62.024242424
jeans-black,117,173,57.514450867s,0.84293,0,0,0.0,0,279,2940.6
jeans-white,550,634,1m41.566246056s,0.6388,19,17,0.00946,6,1582,64.566246056
polo-olive,877,956,1m36.479079497s,0.60878,24,7,0.00627,6,2506,63.479079497
t-shirt-purple,1057,1097,1m25.355515041s,0.567,38,15,0.00273,3,3198,62.355515041
Trouser-purple,13,27,2m12.444444444s,0.59259,0,0,0.0,0,61,121.444444444
polo-pink,123,134,1m35.664179104s,0.56716,2,1,0.0,0,430,63.664179104
jeans-navy,4,5,8m9s,0.5,0,0,0.0,0,10,489.0
t-shirt-black,475,507,1m15.749506903s,0.66469,24,12,0.00394,2,1217,61.749506903
Trouser-khaki,1693,1871,1m46.797501301s,0.55387,50,26,0.01145,22,4541,64.797501301
polo-yellow,5,9,1m2.222222222s,0.66666,0,0,0.0,0,13,60.294545454
Trouser-white,4,5,1m47.5s,0.75,0,0,0.0,0,22,64.5
polo-blue,32,36,7.611111111s,0.77777,0,0,0.0,0,56,420.611111111
t-shirt-black,70,76,1m32.25s,0.63157,4,1,0.0,0,227,63.25
t-shirt-petrol,24,25,1m50s,0.64,0,0,0.0,0,42,110.0
Sweatshirt-maroon,10,11,12.545454545s,0.63636,0,0,0.0,0,16,720.545454545
Trouser-maroon,224,245,1m46.036734693s,0.68163,6,5,0.00816,2,606,64.036734693
t-shirt-blue,45,52,1m32s,0.67307,0,2,0.0,0,117,92.0
jeans-blue,207,234,1m23.025641025s,0.6282,10,7,0.0,0,645,62.025641025
t-shirt-petrol,105,121,1m38.867768595s,0.55371,7,5,0.01652,2,363,63.867768595
Trouser-khaki,305,418,2m16.653110047s,0.55741,12,9,0.00956,4,1328,121.653110047
polo-maroon,4,5,0s,0.84293,0,0,0.0,0,10,60.294545454
t-shirt-blue,44,47,13.468085106s,0.82978,0,2,0.0,0,67,780.468085106
jeans-blue,9,10,1m57s,0.4375,0,1,0.0,0,30,117.0
Trouser-petrol,59,71,4m54.76056338s,0.46478,5,4,0.04225,3,419,245.76056338
Sweatshirt-mustard,236,256,1m53.50390625s,0.64453,6,2,0.0039,1,616,65.50390625
polo-white,124,152,2m8.065789473s,0.53947,9,6,0.01315,2,523,120.065789473
t-shirt-brown,5,7,1m27.714285714s,0.71428,0,0,0.0,0,16,62.714285714
jeans-blue,4,5,2m50.2s,0.4375,0,1,0.0,0,34,125.2
polo-white,774,1143,57.538932633s,0.79352,14,9,0.00349,4,1819,2940.6
jeans-blue,33,41,2m24.170731707s,0.65853,2,1,0.0,0,111,122.170731707
t-shirt-green,4,5,0s,0.84293,0,0,0.0,0,10,60.294545454
t-shirt-white,785,862,1m18.397911832s,0.67169,27,20,0.00464,4,1984,61.397911832
jeans-blue,87,118,2m38.101694915s,0.73728,4,1,0.00847,1,274,123.101694915
polo-navy,1719,1871,35.83503732s,0.7799,50,26,0.00137,22,4541,2100.83503732
t-shirt-rust,6,7,1m20.142857142s,0.57142,0,0,0.0,0,15,62.142857142
Sweatshirt-purple,46,56,2m33.607142857s,0.58928,1,0,0.0,0,187,123.607142857
Trouser-grey,41,49,2m21.75510204s,0.44897,4,0,0.0,0,185,122.75510204
t-shirt-olive,5,7,3m42.142857142s,0.84293,1,0,0.0,0,54,184.142857142
Trouser-white,50,64,1m55.390625s,0.59375,3,2,0.01562,1,211,65.390625
polo-purple,681,1492,36.767426273s,0.84293,8,0,0.0,0,1713,2160.767426273
t-shirt-beige,874,887,29.074408117s,0.73506,29,0,0.0,0,1368,1740.074408117
polo-pink,334,375,1m31.101333333s,0.65066,12,4,0.00533,2,928,63.101333333
t-shirt-petrol,172,197,1m25.558375634s,0.65482,11,3,0.00507,1,561,62.558375634
Sweatshirt-black,53,58,1m51.689655172s,0.62068,0,1,0.0,0,155,65.689655172
Jacket-olive,1719,1871,1m27.262276006s,0.69141,50,26,0.00232,10,4541,62.262276006
Jacket-maroon,148,160,1m40.4875s,0.61875,3,1,0.0,0,366,64.4875
Sweatshirt-petrol,211,231,3m36.168831168s,0.56277,6,1,0.00432,1,651,183.168831168
t-shirt-grey,4,5,24.5s,0.5,0,0,0.0,0,10,1440.5
t-shirt-pink,7,12,1m43.833333333s,0.66666,0,0,0.0,0,42,64.833333333
polo-brown,41,42,1m57.5s,0.4375,0,0,0.0,0,142,65.5
t-shirt-blue,134,159,2m7.213836477s,0.45283,9,9,0.01257,2,665,120.213836477
t-shirt-purple,119,228,47.679824561s,0.84293,1,0,0.0,0,297,2820.679824561
jeans-black,183,251,1m10s,0.74501,2,0,0.0,0,439,70.0
polo-black,310,326,52.036809815s,0.67484,4,6,0.00306,1,659,2940.6
Trouser-navy,46,50,1m2.04s,0.7,2,0,0.0,0,97,60.294545454
polo-green,467,525,1m32.401904761s,0.65142,26,15,0.00952,5,1374,63.401904761
polo-turq,7,12,3m9s,0.66666,0,0,0.0,0,24,189.0
t-shirt-white,702,831,2m20.04091456s,0.52587,38,26,0.00722,6,3133,122.04091456
Jacket-green,559,592,1m10.434121621s,0.60135,7,1,0.0,0,1395,61.434121621
t-shirt-peach,143,172,3m2.552325581s,0.44186,7,6,0.0,0,812,180.552325581
Trouser-olive,1719,1871,32.375583482s,0.76517,50,1,0.0,0,4541,1920.375583482
t-shirt-turq,97,165,2m9.266666666s,0.67878,2,4,0.0,0,406,120.266666666
Jacket-purple,45,59,1m57.084745762s,0.69491,1,0,0.0,0,113,65.084745762
Sweatshirt-black,37,46,1m48.260869565s,0.63043,1,2,0.0,0,147,64.260869565
t-shirt-maroon,35,41,41.31707317s,0.82926,0,0,0.0,0,73,2460.31707317
t-shirt-beige,112,148,3m5.702702702s,0.82432,0,3,0.00675,1,263,180.702702702
t-shirt-purple,191,201,26.845771144s,0.74129,4,2,0.0,0,321,1560.845771144
t-shirt-blue,193,208,1m24.346153846s,0.5673,2,4,0.0048,1,704,62.346153846
t-shirt-blue,4,5,0s,0.84293,0,0,0.0,0,10,60.294545454
t-shirt-blue,39,48,1m14.520833333s,0.52083,3,1,0.02083,1,172,61.520833333
t-shirt-white,23,34,1m6.411764705s,0.70588,1,1,0.0,0,68,60.411764705
polo-pink,100,142,1m5.204225352s,0.69718,2,5,0.00704,1,334,60.294545454
polo-brown,360,390,1m46.171794871s,0.60256,3,8,0.01538,6,1121,64.171794871
t-shirt-green,911,928,1m25.63900862s,0.5528,35,7,0.00215,2,2734,62.63900862
t-shirt-navy,1719,1871,26.138256268s,0.80906,50,20,0.00092,4,4541,1560.138256268
t-shirt-navy,75,79,1m22.670886075s,0.70886,7,2,0.0,0,254,62.670886075
t-shirt-rust,5,5,7m0.6s,0.4375,0,0,0.0,0,33,420.6
jeans-blue,411,509,1m8.176817288s,0.79764,6,0,0.0,0,894,60.294545454
t-shirt-navy,58,62,6m25.016129032s,0.53225,5,4,0.0,0,279,362.016129032
jeans-blue,11,12,19.583333333s,0.83333,0,0,0.0,0,26,1140.583333333
jeans-black,429,436,32.536697247s,0.73623,18,0,0.0,0,719,1920.536697247
t-shirt-navy,516,526,44.857414448s,0.673,24,0,0.0,0,926,2640.857414448
t-shirt-blue,1048,1150,1m20.950434782s,0.52347,31,26,0.00782,9,3490,62.950434782
t-shirt-black,24,29,1m3.275862068s,0.62068,4,0,0.0,0,83,60.294545454
jeans-grey,194,248,1m46.512096774s,0.63709,9,3,0.00806,2,585,64.512096774
t-shirt-blue,89,112,2m38.035714285s,0.47321,3,9,0.04464,5,507,123.035714285
polo-black,1719,1871,1m1.647569765s,0.5912,50,26,0.00628,26,4541,60.647569765
polo-red,14,16,1m43.0625s,0.625,0,0,0.0,0,38,64.0625
jeans-blue,371,413,48.828087167s,0.71912,3,3,0.00484,2,824,2880.828087167
Jacket-orange,23,23,58.608695652s,0.52173,2,0,0.0,0,78,2940.6
Trouser-black,39,41,2m25.951219512s,0.78048,2,2,0.02439,1,124,122.951219512
polo-black,16,18,1m23s,0.66666,2,2,0.04761,1,35,83.0
t-shirt-pink,844,1067,1m24.72633552s,0.58856,24,26,0.00749,8,2891,62.72633552
polo-purple,1188,1266,2m27.947077409s,0.51342,20,16,0.00473,6,4541,122.947077409
t-shirt-olive,14,17,1m50.235294117s,0.47058,0,1,0.0,0,71,65.235294117
polo-green,538,599,2m12.160267111s,0.49081,16,18,0.01168,7,2326,121.160267111
Jacket-black,22,30,1m24.333333333s,0.56666,1,0,0.0,0,86,62.333333333
t-shirt-blue,43,50,2m33.98s,0.7,0,3,0.04,2,131,123.98
jeans-grey,56,58,1m20.120689655s,0.55172,0,0,0.0,0,180,62.120689655
t-shirt-brown,240,275,1m25.141818181s,0.56363,15,7,0.0,0,869,62.141818181
t-shirt-beige,236,277,1m5.014440433s,0.71119,8,1,0.00361,1,602,60.294545454
t-shirt-green,49,57,1m49.070175438s,0.64912,0,0,0.0,0,157,64.070175438
t-shirt-pink,12,13,46.692307692s,0.53846,0,0,0.0,0,30,2760.692307692
Trouser-blue,406,458,1m42.908296943s,0.57205,16,15,0.00655,3,1412,64.908296943
Sweatshirt-blue,4,5,1m35.666666666s,0.4375,0,0,0.0,0,10,63.666666666
Trouser-turq,18,18,4m52.555555555s,0.55555,1,1,0.04761,1,88,245.555555555
polo-pink,173,208,1m32.278846153s,0.6875,5,4,0.0,0,475,63.278846153
Trouser-grey,39,40,2m16.5s,0.6,2,1,0.0,0,157,121.5
t-shirt-blue,1181,1283,48.385035074s,0.77318,13,1,0.0,0,2147,2880.385035074
t-shirt-green,4,5,9m47.75s,0.4375,0,0,0.0,0,31,544.75
jeans-black,1122,1159,59.310612597s,0.65314,23,11,0.00603,7,2423,2940.6
Sweatshirt-turq,146,181,1m55.430939226s,0.61878,8,2,0.0,0,590,65.430939226
t-shirt-olive,25,30,1m44.566666666s,0.63333,3,1,0.03333,1,64,64.566666666
Jacket-green,1719,1871,1m44.468873695s,0.51349,50,26,0.00179,5,4541,64.468873695
t-shirt-black,221,250,1m35.508s,0.66,3,5,0.008,2,628,63.508
t-shirt-navy,83,92,1m20.913043478s,0.6413,3,5,0.02173,2,209,62.913043478
jeans-blue,143,147,46.761904761s,0.65306,6,0,0.0,0,359,2760.761904761
Jacket-purple,14,22,4m54.045454545s,0.68181,1,0,0.0,0,93,245.045454545
Sweatshirt-navy,4,5,1m1s,0.4375,0,0,0.0,0,10,61.0
polo-maroon,301,358,2m2.108938547s,0.57262,12,13,0.02513,9,1260,120.108938547
t-shirt-navy,23,24,3m14.083333333s,0.45833,2,3,0.04166,1,113,181.083333333
t-shirt-pink,372,652,34.460122699s,0.84293,5,1,0.00153,1,883,2040.460122699
Jacket-brown,36,58,1m45.965517241s,0.75862,1,2,0.0,0,105,64.965517241
Sweatshirt-white,54,65,2m2.692307692s,0.61538,0,2,0.01538,1,139,120.692307692
polo-rust,39,63,1m0.523809523s,0.71428,3,1,0.01587,1,177,60.523809523
Jacket-maroon,93,96,1m24.197916666s,0.66666,2,0,0.0,0,231,62.197916666
Sweatshirt-grey,5,6,1m3s,0.4375,0,0,0.0,0,17,63.0
jeans-blue,61,68,1m36.573529411s,0.70588,1,1,0.0147,1,167,63.573529411
Trouser-green,51,54,1m57.055555555s,0.64814,2,0,0.0,0,151,65.055555555
Sweatshirt-green,1407,1441,28.049271339s,0.80569,26,3,0.0,0,2069,1680.049271339
polo-pink,9,11,12.545454545s,0.81818,0,0,0.0,0,27,720.545454545
t-shirt-green,43,45,21.977777777s,0.71111,1,0,0.0,0,77,1260.977777777
polo-black,10,16,21.4375s,0.6875,1,0,0.0,0,33,1260.4375
t-shirt-teal,4,5,42.2s,0.8,0,1,0.0,0,10,2520.2
polo-peach,45,67,2m10.029850746s,0.61194,1,1,0.0,0,124,121.029850746
t-shirt-purple,159,187,1m45.181818181s,0.60962,7,5,0.00534,1,562,64.181818181
Trouser-olive,802,886,1m37.387133182s,0.60609,33,17,0.00677,6,2285,63.387133182
t-shirt-turquoise,23,29,2m16.551724137s,0.5862,0,0,0.0,0,104,121.551724137
Sweatshirt-rust,24,27,1m35.333333333s,0.81481,0,1,0.03703,1,118,63.333333333
t-shirt-olive,11,12,1m49.916666666s,0.58333,0,0,0.0,0,23,64.916666666
Jacket-blue,86,101,1m46.01980198s,0.53465,2,2,0.0099,1,289,64.01980198
polo-lavender,12,21,2m57.619047619s,0.57142,0,1,0.0,0,127,125.619047619
Sweatshirt-purple,1719,1871,40.073931623s,0.73119,50,8,0.0,0,3854,2400.073931623
t-shirt-blue,39,49,1m39.306122448s,0.57142,3,0,0.0,0,112,63.306122448
t-shirt-white,6,7,53.571428571s,0.57142,0,1,0.0,0,17,2940.6
t-shirt-purple,26,29,1m25.517241379s,0.51724,0,3,0.0,0,80,62.517241379
t-shirt-green,201,212,1m44.457547169s,0.54245,4,6,0.00471,1,697,64.457547169
Sweatshirt-blue,52,70,2m28.785714285s,0.61428,0,1,0.0,0,215,122.785714285
Trouser-pink,5,7,2m49s,0.57142,0,0,0.0,0,20,169.0
polo-black,12,12,39.916666666s,0.66666,0,1,0.0,0,37,2340.916666666
Trouser-grey,268,340,1m52.29117647s,0.59411,6,7,0.00882,3,953,65.29117647
Trouser-navy,1636,1776,1m32.009572072s,0.71846,17,17,0.00281,5,3643,63.009572072
Trouser-green,1235,1469,2m6.115724982s,0.59496,50,26,0.01293,19,4541,120.115724982
t-shirt-blue,1719,1871,27.502016129s,0.8387,29,4,0.0012,3,3844,1620.502016129
Trouser-navy,68,73,1m8.465753424s,0.63013,0,0,0.0,0,199,60.465753424
t-shirt-purple,13,18,4m58.722222222s,0.55555,2,1,0.0,0,117,245.722222222
t-shirt-black,130,151,1m45.59602649s,0.60927,2,3,0.00662,1,426,64.59602649
Trouser-green,27,28,3m25s,0.75,1,1,0.0,0,102,205.0
t-shirt-maroon,7,7,2m0.857142857s,0.71428,1,0,0.0,0,32,120.857142857
Jacket-petrol,604,674,1m47.850148367s,0.5089,13,10,0.00296,2,2515,64.850148367
Jacket-black,15,15,2m53.933333333s,0.6,0,0,0.0,0,29,125.933333333
t-shirt-blue,377,384,35.3828125s,0.73437,14,1,0.0,0,635,2100.3828125
Trouser-grey,155,202,1m6.826732673s,0.77227,3,5,0.0099,2,429,60.826732673
t-shirt-white,120,134,1m39.947761194s,0.60447,3,2,0.0,0,373,63.947761194
Jacket-blue,1081,1164,1m53.784364261s,0.62027,22,14,0.00429,5,3298,65.784364261
polo-green,111,130,1m16.892307692s,0.64615,2,5,0.00769,1,286,61.892307692
t-shirt-black,733,818,2m15.443765281s,0.55745,34,26,0.00855,7,2686,121.443765281
jeans-black,36,39,1m12.82051282s,0.76923,2,2,0.02564,1,66,61.82051282
Trouser-beige,1719,1871,30.928019323s,0.76183,15,6,0.00096,2,3536,1800.928019323
polo-offwhite,10,12,1m32.416666666s,0.66666,0,0,0.0,0,20,63.416666666
t-shirt-peach,47,59,2m10.491525423s,0.66101,2,4,0.03389,2,205,121.491525423
Trouser-turquoise,6,7,3m11s,0.57142,0,0,0.0,0,36,191.0
polo-white,4,5,4m6.666666666s,0.66666,0,0,0.0,0,10,240.666666666
t-shirt-pink,1047,1192,1m21.838087248s,0.67197,34,20,0.00671,8,2796,62.838087248
polo-orange,1051,1117,1m1.389435989s,0.58281,24,12,0.00179,2,2908,60.389435989
jeans-black,237,379,50.298153034s,0.79155,5,2,0.0,0,665,2940.6
Sweatshirt-black,103,132,1m57.84090909s,0.62121,1,4,0.0,0,356,65.84090909
t-shirt-pink,204,213,31.394366197s,0.75117,2,0,0.0,0,363,1860.394366197
Trouser-beige,31,39,3m23.333333333s,0.48717,1,2,0.0,0,132,182.333333333
polo-white,15,23,1m49.869565217s,0.69565,0,0,0.0,0,62,64.869565217
Trouser-mustard,136,150,1m6.513333333s,0.76,1,1,0.0,0,282,60.513333333
Jacket-navy,483,498,1m1.728915662s,0.67871,11,3,0.002,1,1093,60.728915662
Trouser-green,1026,1096,1m1.721715328s,0.61678,21,10,0.00091,1,2472,60.721715328
Trouser-white,269,296,1m45.658783783s,0.65878,7,5,0.01351,4,839,64.658783783
Trouser-olive,448,541,2m1.369685767s,0.5841,15,12,0.00739,4,1701,120.369685767
t-shirt-black,53,56,2m37.678571428s,0.60714,2,2,0.03571,2,189,123.678571428
polo-black,305,317,55.476340694s,0.72555,4,0,0.0,0,615,2940.6
Sweatshirt-peach,56,75,2m11.386666666s,0.6,0,0,0.0,0,178,121.386666666
Trouser-pink,42,51,4m42.039215686s,0.47058,2,1,0.0196,1,215,244.039215686
Trouser-navy,17,19,1m58.631578947s,0.84293,0,0,0.0,0,50,65.631578947
polo-pink,1612,1752,1m18.899543378s,0.60445,30,19,0.00399,7,4541,61.899543378
polo-purple,126,153,1m34.581699346s,0.67973,3,5,0.00653,1,300,63.581699346
t-shirt-purple,417,449,43.12026726s,0.7706,6,1,0.00222,1,722,2580.12026726
Trouser-olive,109,128,1m14.7265625s,0.64843,4,2,0.00781,1,279,61.7265625
polo-green,196,205,52.595121951s,0.56097,3,2,0.00487,1,607,2940.6
t-shirt-black,345,363,36.595041322s,0.7438,12,3,0.0055,2,625,2160.595041322
Jacket-petrol,830,894,1m8.479865771s,0.64988,16,15,0.00782,7,1984,60.479865771
Trouser-maroon,148,167,1m37.982035928s,0.66467,2,2,0.00598,1,348,63.982035928
polo-beige,25,31,2m22.419354838s,0.54838,1,0,0.0,0,111,122.419354838
polo-green,81,92,1m29.04347826s,0.71739,2,1,0.01086,1,194,62.04347826
polo-red,31,35,14.685714285s,0.77142,0,0,0.0,0,58,840.685714285
t-shirt-navy,7,8,4m41.125s,0.75,0,1,0.04761,1,44,244.125
t-shirt-navy,149,163,1m23.754601226s,0.57055,3,1,0.00613,1,452,62.754601226
Jacket-mustard,15,16,3m12.4375s,0.4375,1,1,0.04761,1,36,181.4375
polo-navy,6,7,3m13.142857142s,0.71428,0,0,0.0,0,28,181.142857142
t-shirt-green,25,25,1m31.44s,0.6,1,0,0.0,0,54,63.44
jeans-navy,692,731,1m32.872777017s,0.60328,23,7,0.00547,4,1962,63.872777017
polo-green,383,437,1m36.881006864s,0.51487,21,19,0.0183,8,1438,63.881006864
Trouser-white,1061,1093,22.085086916s,0.82433,20,2,0.0,0,1577,1320.085086916
Trouser-black,103,127,1m48.551181102s,0.66929,0,1,0.0,0,327,64.551181102
t-shirt-green,306,341,3m7.263929618s,0.46627,21,11,0.01759,6,1652,180.263929618
t-shirt-navy,113,142,2m11.704225352s,0.57042,3,10,0.01408,2,451,121.704225352
polo-olive,6,6,6.333333333s,0.83333,0,0,0.0,0,10,360.333333333
Trouser-brown,51,56,2m21.321428571s,0.71428,2,0,0.0,0,123,122.321428571
jeans-blue,1124,1187,1m7.539174389s,0.67818,30,5,0.00084,1,2447,60.539174389
Trouser-purple,19,23,3.608695652s,0.84293,0,0,0.0,0,28,180.608695652
Trouser-olive,75,86,6m12.093023255s,0.69767,4,4,0.01162,1,206,361.093023255
jeans-black,129,160,2m5.84375s,0.64375,6,5,0.00625,1,413,120.84375
Trouser-beige,66,82,1m42.597560975s,0.62195,5,1,0.01219,1,301,64.597560975
t-shirt-green,4,5,0s,0.84293,0,0,0.0,0,10,60.294545454
Trouser-navy,35,36,1m33.25s,0.44444,4,2,0.0,0,132,63.25
t-shirt-blue,284,304,1m19.240131578s,0.60197,6,9,0.00986,3,795,61.240131578
Trouser-maroon,1719,1871,39.250147145s,0.7781,45,19,0.00176,6,4541,2340.250147145
t-shirt-black,421,433,54.951501154s,0.73903,17,1,0.0,0,718,2940.6
polo-green,20,21,2m2.666666666s,0.7619,0,1,0.04761,1,57,120.666666666
t-shirt-grey,48,83,41.650602409s,0.80722,0,0,0.0,0,132,2460.650602409
t-shirt-black,4,5,4m46s,0.4375,0,1,0.0,0,39,286.0
t-shirt-navy,201,238,1m16.760504201s,0.63445,15,5,0.0,0,588,61.760504201
Jacket-maroon,123,141,1m37.014184397s,0.56737,4,5,0.00709,1,410,63.014184397
polo-navy,1719,1871,1m12.926415874s,0.57792,50,26,0.0062,15,4541,61.926415874
Sweatshirt-blue,45,52,1m53.557692307s,0.63461,0,1,0.01923,1,139,65.557692307
Trouser-olive,175,208,2m2.846153846s,0.64903,4,4,0.0048,1,658,120.846153846
t-shirt-white,44,61,1m5.06557377s,0.7377,3,0,0.0,0,101,60.294545454
Sweatshirt-white,25,27,3m4s,0.51851,2,0,0.0,0,119,184.0
polo-blue,366,375,1m43.370666666s,0.54133,8,2,0.00266,1,1049,64.370666666
Jacket-black,9,12,19.25s,0.58333,0,0,0.0,0,19,1140.25
jeans-blue,229,250,1m39s,0.628,7,8,0.004,1,598,99.0
Jacket-black,34,48,1m54.020833333s,0.625,2,2,0.02083,1,176,65.020833333
jeans-olive,19,21,3m47.285714285s,0.57142,1,1,0.04761,1,77,184.285714285
Trouser-grey,183,200,1m14.865s,0.615,4,0,0.0,0,479,61.865
Sweatshirt-rust,249,282,45.163120567s,0.66666,10,2,0.0,0,565,2700.163120567
Jacket-maroon,1719,1871,1m32.872331519s,0.6128,50,26,0.00837,20,4541,63.872331519
polo-green,70,78,3m48.679487179s,0.4375,1,2,0.0,0,321,184.679487179
t-shirt-black,165,179,2m1.20670391s,0.63687,11,8,0.01675,3,605,120.20670391
polo-yellow,100,109,1m49.596330275s,0.51376,3,1,0.00917,1,393,64.596330275
Trouser-beige,34,44,2m0.09090909s,0.68181,0,2,0.02272,1,147,120.09090909
polo-rust,182,233,1m1.270386266s,0.7854,3,2,0.00429,1,436,60.294545454
t-shirt-blue,655,670,38.662686567s,0.72089,30,1,0.0,0,1085,2280.662686567
Trouser-maroon,72,81,1m24.641975308s,0.69135,4,4,0.01234,1,152,62.641975308
Jacket-yellow,65,69,39.115942028s,0.5942,0,0,0.0,0,173,2340.115942028
t-shirt-petrol,46,62,3m22.693548387s,0.54838,1,3,0.01612,1,256,182.693548387
t-shirt-maroon,11,21,1m6.333333333s,0.84293,0,0,0.0,0,31,60.333333333
polo-black,150,176,3m32.897727272s,0.4375,6,8,0.0284,5,729,183.897727272
Trouser-olive,78,79,1m8.886075949s,0.58227,1,1,0.0,0,181,60.886075949
t-shirt-navy,1719,1871,1m31.862394957s,0.61974,50,26,0.00472,9,4541,63.862394957
t-shirt-black,80,83,33.228915662s,0.80722,2,1,0.0,0,136,1980.228915662
t-shirt-white,31,38,3m20.842105263s,0.55263,1,1,0.02631,1,137,182.842105263
Trouser-navy,1045,1245,2m2.708433734s,0.5269,49,26,0.01606,20,4205,120.708433734
Trouser-white,33,41,1m28.43902439s,0.60975,1,0,0.0,0,99,62.43902439
t-shirt-green,18,20,24.1s,0.75,0,0,0.0,0,43,1440.1
Sweatshirt-grey,7,8,3m34.625s,0.5,0,0,0.0,0,14,183.625
polo-blue,510,553,1m26.193490054s,0.53526,15,7,0.0018,1,1764,62.193490054
t-shirt-lilac,157,179,2m15.888268156s,0.46927,5,10,0.0,0,798,121.888268156
t-shirt-beige,51,65,2m11.107692307s,0.67692,1,0,0.0,0,228,121.107692307
Trouser-green,53,67,2m16.791044776s,0.64179,2,0,0.0,0,200,121.791044776
t-shirt-black,32,41,5m11.048780487s,0.43902,4,3,0.0,0,139,301.048780487
Sweatshirt-pink,4,5,20.5s,0.5,0,0,0.0,0,10,1200.5
t-shirt-pink,820,1093,2m5.143641354s,0.63677,28,15,0.00274,3,2894,120.143641354
Sweatshirt-white,51,57,2m0.596491228s,0.57894,2,2,0.0,0,162,120.596491228
Jacket-grey,1719,1871,2m1.641919889s,0.57838,50,26,0.0069,20,4541,120.641919889
Trouser-white,192,235,2m27.931914893s,0.63829,10,7,0.01702,4,712,122.931914893
polo-maroon,116,143,2m40.279720279s,0.48951,3,3,0.01398,2,610,124.279720279
t-shirt-black,1719,1871,36.138681081s,0.7507,50,26,0.00051,12,4541,2160.138681081
Trouser-pink,539,582,1m21.45532646s,0.59106,8,8,0.00515,3,1549,62.45532646
Sweatshirt-black,22,26,2m58.538461538s,0.61538,1,0,0.0,0,73,125.538461538
Trouser-beige,4,5,26.5s,0.5,0,0,0.0,0,10,1560.5
Jacket-maroon,45,65,1m46.23076923s,0.6,0,2,0.01538,1,188,64.23076923
t-shirt-blue,1282,1335,38.342322097s,0.74307,50,6,0.00074,1,2258,2280.342322097
t-shirt-purple,1144,1265,1m13.708300395s,0.63715,29,18,0.00474,6,2795,61.708300395
polo-blue,598,641,1m53.854914196s,0.49609,20,18,0.00936,6,2380,65.854914196
jeans-pink,127,142,2m11.485915492s,0.69014,3,4,0.01408,2,396,121.485915492
Trouser-beige,265,290,1m17.548275862s,0.60689,6,9,0.00689,2,823,61.548275862
polo-white,471,502,1m22.037848605s,0.63346,12,7,0.00398,2,1204,62.037848605
t-shirt-maroon,902,1015,2m25.922167487s,0.51034,36,26,0.00886,9,3889,122.922167487
Trouser-khakhi,1719,1871,1m19.209971236s,0.70853,50,26,0.00926,26,4541,61.209971236
t-shirt-grey,208,226,1m41.597345132s,0.68141,8,5,0.01327,3,641,64.597345132
Jacket-offwhite,132,158,2m5.917721518s,0.63291,6,3,0.01265,2,454,120.917721518
t-shirt-pink,42,49,1m35.265306122s,0.61224,1,0,0.0,0,120,63.265306122
Trouser-maroon,1614,1733,1m9.646855164s,0.61742,48,22,0.00173,3,4195,60.646855164
t-shirt-black,4,5,1m48.5s,0.5,0,1,0.04761,1,13,64.5
Trouser-beige,439,451,1m8.181818181s,0.67627,6,10,0.00665,3,1238,60.294545454
Sweatshirt-black,628,713,1m14.148667601s,0.70967,6,2,0.0014,1,1247,61.148667601
Trouser-green,9,10,4m22.9s,0.5,0,0,0.0,0,27,242.9
t-shirt-white,133,191,32.314136125s,0.84293,0,0,0.0,0,285,1920.314136125
Jacket-green,195,215,2m35.232558139s,0.60465,1,2,0.00465,1,606,123.232558139
jeans-black,251,295,1m10.474576271s,0.69491,3,10,0.01694,5,648,61.474576271
t-shirt-purple,80,88,2m34.931818181s,0.57954,9,4,0.02272,2,300,123.931818181
Trouser-grey,339,372,1m5.911290322s,0.69623,3,2,0.00268,1,820,60.911290322
t-shirt-blue,23,23,5s,0.84293,0,0,0.0,0,28,60.294545454
Sweatshirt-green,12,12,5.5s,0.66666,0,0,0.0,0,19,300.5
t-shirt-purple,4,5,1m1.75s,0.5,0,1,0.0,0,15,60.75
Trouser-beige,465,640,1m11.9734375s,0.68125,14,9,0.00625,4,1473,61.9734375
polo-yellow,19,22,2m37.409090909s,0.5909,0,1,0.0,0,49,123.409090909
t-shirt-white,9,11,3m43.454545454s,0.54545,1,0,0.0,0,33,184.454545454
Trouser-beige,289,318,1m13.056603773s,0.62264,10,7,0.00314,1,799,61.056603773
Trouser-beige,521,579,1m32.385146804s,0.56303,14,14,0.01036,6,1748,63.385146804
Trouser-grey,1719,1871,50.191673536s,0.77328,50,2,0.00041,1,3921,2940.6
Trouser-navy,187,189,37.449735449s,0.78306,7,2,0.0,0,341,2220.449735449
polo-peach,4,5,44.75s,0.5,0,0,0.0,0,10,2640.75
t-shirt-orange,12,12,1m32.166666666s,0.75,0,0,0.0,0,35,63.166666666
Jacket-biege,76,90,3m25.555555555s,0.54444,2,4,0.03333,3,332,182.555555555
t-shirt-white,90,101,49.07920792s,0.60396,5,6,0.0198,2,266,2940.07920792
polo-navy,316,366,1m54.434426229s,0.63387,9,6,0.0,0,919,65.434426229
polo-purple,18,27,37.185185185s,0.62962,0,0,0.0,0,73,2220.185185185
Sweatshirt-white,10,11,1m51s,0.63636,0,0,0.0,0,48,111.0
t-shirt-white,38,55,3m43.454545454s,0.74545,1,1,0.0,0,182,184.454545454
t-shirt-white,4,5,9s,0.5,0,0,0.0,0,10,60.294545454
polo-blue,404,433,1m5.678983833s,0.55427,8,4,0.0023,1,1093,60.678983833
Jacket-beige,1140,1229,2m13.310821806s,0.53702,13,14,0.00325,4,3807,121.310821806
t-shirt-mustard,20,21,3m42.666666666s,0.84293,0,0,0.0,0,30,184.666666666
Trouser-navy,825,956,1m50.271966527s,0.61192,37,20,0.00523,5,2662,65.271966527
t-shirt-white,5,10,2.7s,0.7,1,0,0.0,0,13,120.7
polo-olive,1044,1136,1m27.359154929s,0.57218,19,8,0.0044,5,2967,62.359154929
jeans-blue,181,206,1m10.72330097s,0.64077,1,0,0.0,0,444,61.72330097
Trouser-maroon,277,331,56.483383685s,0.76435,1,1,0.00302,1,533,2940.6
Jacket-navy,1561,1704,1m42.35798122s,0.67194,20,12,0.00176,3,3978,64.35798122
Sweatshirt-navy,927,1032,1m1.968992248s,0.66472,21,4,0.0,0,2044,60.968992248
polo-beige,458,481,38.573804573s,0.78586,10,0,0.0,0,766,2280.573804573
t-shirt-blue,153,181,3m20.23756906s,0.55801,13,16,0.03314,6,702,182.23756906
t-shirt-pink,15,16,9.6875s,0.8125,0,0,0.0,0,21,540.6875
jeans-black,39,39,1m18.743589743s,0.64102,1,1,0.02564,1,106,61.743589743
Jacket-olive,83,92,2m34.336956521s,0.6413,7,4,0.0,0,291,123.336956521
Sweatshirt-grey,5,8,2m32.875s,0.5,0,0,0.0,0,43,123.875
Sweatshirt-olive,233,254,1m23.16535433s,0.68897,6,0,0.0,0,467,62.16535433
jeans-black,38,40,1m9.275s,0.7,0,0,0.0,0,82,60.294545454
Jacket-purple,6,6,33s,0.4375,0,0,0.0,0,23,60.294545454
t-shirt-green,8,12,28.166666666s,0.58333,0,1,0.0,0,31,1680.166666666
t-shirt-aqua,99,108,1m34.759259259s,0.57407,2,2,0.0,0,356,63.759259259
t-shirt-blue,78,87,1m47.045977011s,0.66666,3,1,0.0,0,211,64.045977011
polo-navy,959,1042,37.523992322s,0.76391,20,10,0.00191,2,1820,2220.523992322
polo-mustard,1246,1354,2m24.79098966s,0.44977,42,26,0.00443,6,4541,122.79098966
Trouser-navy,54,58,1m34.672413793s,0.55172,2,1,0.0,0,183,63.672413793
polo-purple,477,496,1m53.74798387s,0.58064,21,6,0.00604,3,1607,65.74798387
Sweatshirt-purple,33,35,39.514285714s,0.57142,0,0,0.0,0,84,2340.514285714
Sweatshirt-green,4,5,1m4.666666666s,0.66666,0,0,0.0,0,10,60.666666666
polo-mustard,805,1684,31.092636579s,0.84293,7,3,0.00059,1,1981,1860.092636579
t-shirt-pink,291,327,1m26.201834862s,0.62996,11,4,0.00305,1,935,62.201834862
Trouser-green,14,14,2m9.571428571s,0.57142,0,0,0.0,0,91,120.571428571
jeans-blue,14,22,28.363636363s,0.81818,0,0,0.0,0,41,1680.363636363
Trouser-olive,143,158,1m20.79113924s,0.55063,7,4,0.01265,2,546,62.79113924
t-shirt-white,32,35,2m5.8s,0.6,0,2,0.0,0,76,120.8
t-shirt-blue,60,62,1m57.806451612s,0.77419,1,1,0.01612,1,128,65.806451612
t-shirt-petrol,31,35,5m17.828571428s,0.48571,2,1,0.0,0,169,301.828571428
t-shirt-green,29,32,45.59375s,0.53125,1,1,0.0,0,83,2700.59375
Trouser-navy,11,12,2m31.75s,0.75,1,0,0.0,0,41,123.75
t-shirt-green,12,15,1m53.866666666s,0.53333,3,1,0.04761,1,76,65.866666666
Trouser-green,13,18,6m28.611111111s,0.4375,1,2,0.04761,1,102,362.611111111
t-shirt-orange,15,15,1m9.8s,0.73333,0,0,0.0,0,25,60.8
t-shirt-petrol,15,19,1m32.789473684s,0.84293,0,0,0.0,0,24,63.789473684
jeans-blue,79,94,1m46.308510638s,0.73404,3,3,0.01063,1,211,64.308510638
Sweatshirt-beige,112,120,1m40.25s,0.6,8,7,0.04166,5,309,64.25
t-shirt-black,1048,1086,43.917127071s,0.72559,50,2,0.0,0,1925,2580.917127071
t-shirt-grey,343,389,2m13.269922879s,0.50899,18,12,0.00771,3,1373,121.269922879
Trouser-blue,350,390,1m33.469230769s,0.68974,7,5,0.00512,2,969,63.469230769
Trouser-blue,8,12,2m39.25s,0.5,0,1,0.04761,1,85,123.25
polo-maroon,54,58,2m5.258620689s,0.72413,2,2,0.03448,2,185,120.258620689
t-shirt-beige,14,15,32.8s,0.8,1,1,0.0,0,36,1920.8
t-shirt-beige,103,119,1m45.336134453s,0.4375,4,13,0.0168,2,414,64.336134453
Trouser-olive,89,94,1m19.244680851s,0.69148,2,4,0.0,0,204,61.244680851
t-shirt-black,34,45,41.355555555s,0.82222,0,0,0.0,0,59,2460.355555555
polo-white,43,48,3m1.0625s,0.54166,1,2,0.02083,1,180,180.0625
polo-grey,188,211,1m36.725118483s,0.54976,6,6,0.01895,4,725,63.725118483
polo-maroon,147,186,1m5.795698924s,0.71505,6,3,0.00537,1,395,60.795698924
polo-purple,146,201,1m8.825870646s,0.67164,2,4,0.00497,1,468,60.825870646
jeans-black,341,384,1m6.208333333s,0.63281,6,7,0.00781,3,847,60.294545454
t-shirt-white,585,627,1m28.963317384s,0.59011,25,26,0.00478,3,1758,62.963317384
Trouser-olive,92,117,1m33.641025641s,0.70085,0,0,0.0,0,244,63.641025641
Jacket-grey,50,52,4m56.384615384s,0.57692,2,4,0.03846,2,243,245.384615384
Sweatshirt-navy,15,17,2m55s,0.52941,0,0,0.0,0,30,175.0
Jacket-tan,9,12,2m26.333333333s,0.5,0,0,0.0,0,41,122.333333333
polo-navy,542,583,58.946826758s,0.62435,7,8,0.01029,6,1506,2940.6
Trouser-green,11,15,4m42.6s,0.6,0,0,0.0,0,44,244.6
Jacket-rust,16,23,1m16.565217391s,0.73913,0,0,0.0,0,35,61.565217391
t-shirt-olive,1719,1871,1m32.221300742s,0.66564,36,19,0.00392,9,4541,63.221300742
t-shirt-green,12,14,5m28.857142857s,0.64285,0,0,0.0,0,33,302.857142857
polo-purple,96,111,2m46.99099099s,0.63063,0,2,0.009,1,410,124.99099099
Trouser-green,152,161,1m16.714285714s,0.73913,2,0,0.0,0,363,61.714285714
t-shirt-maroon,95,106,1m37.235849056s,0.59433,6,4,0.01886,2,344,63.235849056
Sweatshirt-blue,312,329,28.635258358s,0.71428,11,0,0.0,0,567,1680.635258358
t-shirt-pink,114,133,2m51.353383458s,0.52631,8,10,0.03007,4,483,125.353383458
Sweatshirt-black,70,75,2m6.266666666s,0.65333,1,0,0.0,0,181,120.266666666
t-shirt-white,83,93,1m32.139784946s,0.68817,2,1,0.0,0,201,63.139784946
Trouser-navy,214,241,1m23.983402489s,0.57261,5,3,0.00829,2,533,62.983402489
Jacket-navy,205,251,2m1.828685258s,0.60956,9,4,0.00398,1,758,120.828685258
t-shirt-white,77,93,2m20.827956989s,0.6344,5,8,0.03225,3,247,122.827956989
polo-green,10,13,6m58.846153846s,0.53846,3,2,0.04761,2,110,365.846153846
t-shirt-navy,283,302,1m31.006622516s,0.56953,14,4,0.00662,2,816,63.006622516
jeans-blue,442,475,1m13.463157894s,0.65263,12,10,0.00631,3,1099,61.463157894
polo-blue,68,77,1m13.714285714s,0.71428,1,1,0.0,0,153,61.714285714
t-shirt-navy,49,57,4m1.526315789s,0.63157,2,4,0.0,0,157,240.526315789
t-shirt-olive,69,89,2m12.516853932s,0.65168,3,3,0.0,0,214,121.516853932
Sweatshirt-prune,25,28,1m37s,0.64285,0,0,0.0,0,61,97.0
Jacket-navy,4,5,15m0s,0.4375,0,0,0.0,0,10,900.0
Trouser-olive,1147,1176,46.318877551s,0.71003,50,2,0.00085,1,2026,2760.318877551
Sweatshirt-black,28,34,1m57.5s,0.61764,2,0,0.0,0,96,65.5
Jacket-pink,237,271,2m18.468634686s,0.57195,7,4,0.0,0,742,121.468634686
t-shirt-green,74,105,2m4.866666666s,0.6,3,1,0.00952,1,309,120.866666666
Trouser-beige,88,109,2m35.95412844s,0.61467,3,3,0.01834,2,432,123.95412844
Trouser-white,1719,1871,44.969113063s,0.70303,50,26,0.00141,10,4541,2640.969113063
Sweatshirt-grey,282,306,56.588235294s,0.79411,3,2,0.00653,2,498,2940.6
Trouser-blue,691,740,36.187837837s,0.81486,5,0,0.0,0,1238,2160.187837837
jeans-blue,112,128,1m28.65625s,0.625,7,1,0.0,0,381,62.65625
Trouser-beige,1033,1177,1m33.450297366s,0.60577,22,14,0.00594,7,3152,63.450297366
Sweatshirt-navy,1101,1215,59.284773662s,0.71111,18,6,0.00082,1,2350,2940.6
t-shirt-black,627,666,1m31.704204204s,0.62162,29,26,0.003,2,1744,63.704204204
Trouser-grey,29,39,1m45.384615384s,0.64102,2,0,0.0,0,124,64.384615384
polo-purple,222,247,49.890688259s,0.70445,3,3,0.00404,1,470,2940.6
Jacket-green,17,17,30.176470588s,0.58823,0,0,0.0,0,41,1800.176470588
t-shirt-black,23,24,30.041666666s,0.75,1,0,0.0,0,41,1800.041666666
Sweatshirt-maroon,4,5,36s,0.4375,0,0,0.0,0,10,60.294545454
polo-navy,1719,1871,23.529544883s,0.84293,50,1,0.0,0,4541,1380.529544883
polo-grey,56,69,1m59.550724637s,0.5942,1,0,0.0,0,186,65.550724637
Trouser-olive,11,13,5m37.076923076s,0.46153,0,0,0.0,0,56,303.076923076
Sweatshirt-lilac,16,16,1m23.625s,0.625,1,0,0.0,0,42,62.625
polo-rust,30,34,2m17.647058823s,0.55882,3,1,0.02941,1,85,121.647058823
t-shirt-green,123,153,1m9.62745098s,0.55555,6,4,0.0,0,428,60.62745098
polo-navy,406,521,2m12.846449136s,0.63339,13,6,0.00383,2,1492,121.846449136
Sweatshirt-beige,1554,1715,1m15.864139941s,0.63906,18,9,0.00058,1,3912,61.864139941
jeans-blue,157,202,3m24.247524752s,0.48514,4,7,0.01485,3,774,182.247524752
Trouser-green,19,29,1m56.862068965s,0.51724,0,1,0.0,0,95,65.862068965
polo-black,76,98,3m36.693877551s,0.59183,3,5,0.04081,4,353,183.693877551
Jacket-blue,133,139,1m35.539568345s,0.64028,3,1,0.0,0,264,63.539568345
polo-grey,4,5,0s,0.84293,0,0,0.0,0,10,60.294545454
Sweatshirt-white,990,1068,59.032771535s,0.63014,18,13,0.00093,1,2330,2940.6
t-shirt-grey,115,136,2m15.492647058s,0.53676,4,4,0.02205,3,494,121.492647058
t-shirt-yellow,22,34,2m23s,0.70588,1,0,0.0,0,67,143.0
Sweatshirt-pink,13,13,2m2.307692307s,0.53846,0,0,0.0,0,21,120.307692307
Sweatshirt-blue,39,41,18.926829268s,0.82926,1,0,0.0,0,50,1080.926829268
Sweatshirt-green,1719,1871,1m18.699532511s,0.65405,33,20,0.00382,9,4541,61.699532511
Trouser-grey,505,559,2m32.076923076s,0.57781,22,13,0.00715,4,1893,123.076923076
t-shirt-green,286,330,2m2.851515151s,0.59393,12,6,0.00606,2,1032,120.851515151
t-shirt-grey,107,120,2m43.408333333s,0.53333,8,3,0.00833,1,512,124.408333333
t-shirt-maroon,126,133,4m52.879699248s,0.6015,6,2,0.0,0,414,245.879699248
t-shirt-black,304,363,1m29.906336088s,0.58126,19,11,0.01101,4,908,62.906336088
polo-black,64,67,3m1.940298507s,0.61194,2,3,0.02985,2,216,180.940298507
polo-green,4,5,0s,0.84293,0,0,0.0,0,10,60.294545454
Trouser-navy,1199,1871,42.39848282s,0.84293,16,2,0.00044,1,3327,2520.39848282
t-shirt-black,1067,1174,1m34.250425894s,0.6678,50,26,0.01022,12,3236,63.250425894
jeans-blue,229,277,2m0.404332129s,0.63898,10,6,0.00722,2,908,120.404332129
t-shirt-green,57,59,50.33898305s,0.67796,0,1,0.01694,1,145,2940.6
Trouser-beige,109,143,2m26.531468531s,0.50349,6,2,0.0,0,592,122.531468531
Trouser-green,326,386,1m57.901554404s,0.50777,13,5,0.00518,2,1220,65.901554404
t-shirt-black,23,28,2m27.5s,0.64285,1,2,0.03571,1,105,122.5
t-shirt-blue,110,145,2m5.489655172s,0.7862,2,2,0.0,0,338,120.489655172
polo-yellow,115,140,2m23.407142857s,0.56428,2,4,0.02142,3,497,122.407142857
Sweatshirt-blue,14,17,4m59.882352941s,0.52941,0,0,0.0,0,71,245.882352941
jeans-pant,51,64,3m2.796875s,0.64062,1,1,0.01562,1,129,180.796875
t-shirt-green,7,8,44.5s,0.75,0,1,0.0,0,17,2640.5
polo-white,212,229,1m26.013100436s,0.57641,11,4,0.00873,2,783,62.013100436
Trouser-white,101,110,1m57.263636363s,0.62727,3,2,0.00909,1,306,65.263636363
t-shirt-aqua,555,624,2m15.116987179s,0.45512,34,21,0.00961,6,2678,121.116987179
jeans-blue,54,55,3m17.272727272s,0.65454,0,0,0.0,0,155,181.272727272
t-shirt-blue,599,621,22.123993558s,0.81159,12,1,0.0,0,888,1320.123993558
polo-orange,12,13,6m1.923076923s,0.6923,0,1,0.0,0,64,360.923076923
t-shirt-white,7,7,45.714285714s,0.57142,0,0,0.0,0,15,2700.714285714
jeans-grey,26,31,48.774193548s,0.70967,1,0,0.0,0,69,2880.774193548
jeans-blue,73,76,1m20.315789473s,0.72368,1,0,0.0,0,210,62.315789473
t-shirt-beige,37,43,31.186046511s,0.74418,1,0,0.0,0,69,1860.186046511
Jacket-black,508,533,1m26.831144465s,0.66228,10,4,0.00562,3,1158,62.831144465
t-shirt-navy,133,147,1m20.265306122s,0.5102,4,2,0.0,0,471,62.265306122
Trouser-grey,70,80,2m21.2625s,0.63749,2,2,0.0,0,212,122.2625
t-shirt-mustard,212,237,1m27.974683544s,0.56962,10,4,0.00843,2,756,62.974683544
t-shirt-black,1719,1871,30.554236499s,0.75605,50,10,0.00046,2,4541,1800.554236499
t-shirt-pink,1535,1697,1m22.252209781s,0.51266,50,26,0.00648,11,4541,62.252209781
Jacket-offwhite,4,5,0s,0.84293,0,0,0.0,0,10,60.294545454
Trouser-blue,202,234,2m18.388888888s,0.547,11,2,0.00427,1,782,121.388888888
Trouser-grey,1719,1871,1m18.535682558s,0.66804,50,26,0.00414,14,4541,61.535682558
polo-white,61,71,2m18s,0.52112,3,2,0.01408,1,313,138.0
polo-white,78,90,2m16.944444444s,0.56666,1,2,0.01111,1,299,121.944444444
Jacket-maroon,44,59,43.559322033s,0.8305,2,1,0.0,0,128,2580.559322033
t-shirt-yellow,22,32,2m54.28125s,0.6875,2,2,0.03125,1,119,125.28125
t-shirt-white,5,5,4m1.4s,0.4375,1,1,0.0,0,22,240.4
Trouser-black,513,529,1m13.482041587s,0.6862,12,0,0.0,0,1261,61.482041587
t-shirt-orange,4,5,7.666666666s,0.4375,0,0,0.0,0,10,420.666666666
t-shirt-blue,13,13,25.076923076s,0.53846,0,0,0.0,0,26,1500.076923076
Jacket-black,244,279,1m31.422939068s,0.68458,5,5,0.00358,1,656,63.422939068
polo-black,373,389,1m5.341902313s,0.63753,1,1,0.0,0,790,60.341902313
t-shirt-offwhite,25,28,1m5.928571428s,0.78571,0,0,0.0,0,71,60.928571428
jeans-white,4,5,13s,0.4375,0,0,0.0,0,10,60.294545454
t-shirt-black,723,747,49.593038821s,0.71887,33,5,0.00267,2,1411,2940.593038821
Jacket-black,1209,1394,1m19.623385939s,0.70803,16,15,0.00358,5,2866,61.623385939
Jacket-blue,20,27,3m31.37037037s,0.44444,1,1,0.03703,1,84,183.37037037
Sweatshirt-pink,59,62,1m21.241935483s,0.74193,2,1,0.01612,1,114,62.241935483
t-shirt-blue,147,159,1m8.320754716s,0.65408,4,7,0.01886,3,386,60.320754716
jeans-blue,39,48,3m6.291666666s,0.72916,0,0,0.0,0,104,180.291666666
jeans-blue,17,18,1m29.722222222s,0.61111,0,0,0.0,0,27,62.722222222
Sweatshirt-blue,359,378,50.933862433s,0.67724,7,3,0.00264,1,748,2940.6
Trouser-white,29,30,1m27.166666666s,0.56666,2,1,0.0,0,55,62.166666666
polo-black,897,1005,1m51.843781094s,0.55323,27,25,0.00597,6,3222,65.843781094
polo-lilac,23,30,333.333333ms,0.84293,0,0,0.0,0,31,2940.6
t-shirt-orange,93,103,2m15.184466019s,0.51456,5,4,0.02912,3,401,121.184466019
Trouser-slate,13,31,2m2.483870967s,0.77419,0,1,0.03225,1,77,120.483870967
Jacket-brown,281,327,1m42.113149847s,0.59021,4,6,0.00611,2,931,64.113149847
t-shirt-white,425,437,37.263157894s,0.67276,32,2,0.0,0,748,2220.263157894
Trouser-beige,84,109,4m27.467889908s,0.47706,1,1,0.00917,1,513,242.467889908
t-shirt-purple,4,5,1m31s,0.4375,0,0,0.0,0,10,91.0
Trouser-olive,138,158,1m36.075949367s,0.5443,5,8,0.01898,3,547,63.075949367
t-shirt-yellow,163,173,1m15.531791907s,0.63005,3,2,0.00578,1,370,61.531791907
t-shirt-black,6,6,2m50.5s,0.4375,0,0,0.0,0,36,125.5
polo-white,13,23,3m14.826086956s,0.65217,0,0,0.0,0,72,181.826086956
Trouser-trouser,464,520,2m6.386538461s,0.55576,18,13,0.01153,6,1627,120.386538461
polo-black,580,630,1m19.469841269s,0.62222,15,11,0.00476,3,1744,61.469841269
t-shirt-black,114,122,1m45.327868852s,0.61475,5,2,0.01639,2,363,64.327868852
Sweatshirt-white,837,914,1m5.909190371s,0.57439,11,10,0.00328,3,2224,60.909190371
Sweatshirt-white,148,171,1m16.789473684s,0.69005,4,0,0.0,0,370,61.789473684
Jacket-silver,39,44,1m50.772727272s,0.47727,0,0,0.0,0,159,65.772727272
t-shirt-peach,26,28,34.071428571s,0.71428,1,0,0.0,0,61,2040.071428571
jeans-blue,23,25,1m45.44s,0.64,1,0,0.0,0,53,64.44
Trouser-black,889,976,1m52.057377049s,0.59221,34,26,0.01536,15,2886,65.057377049
t-shirt-brown,32,35,1m57.342857142s,0.68571,1,0,0.0,0,114,65.342857142
Trouser-navy,147,156,1m10.358974358s,0.65384,3,3,0.00641,1,374,61.358974358
t-shirt-white,27,27,1m33.407407407s,0.7037,1,0,0.0,0,74,63.407407407
Jacket-beige,792,863,1m45.767091541s,0.61645,13,4,0.00347,3,2293,64.767091541
Sweatshirt-olive,169,197,1m34.40609137s,0.65989,7,1,0.0,0,389,63.40609137
polo-white,185,198,1m18.388888888s,0.65151,2,0,0.0,0,540,61.388888888
polo-grey,4,5,2.2s,0.8,0,0,0.0,0,10,120.2
jeans-blue,668,769,1m58.45513654s,0.62678,18,9,0.0065,5,2281,65.45513654
Jacket-navy,830,892,1m45.78251121s,0.6547,11,2,0.00112,1,2252,64.78251121
polo-peach,226,252,1m23.182539682s,0.51587,6,7,0.00793,2,757,62.182539682
t-shirt-black,89,100,44.05s,0.74,4,2,0.01,1,162,2640.05
t-shirt-pink,30,31,45.064516129s,0.64516,0,0,0.0,0,71,2700.064516129
Jacket-grey,10,13,4.769230769s,0.76923,0,0,0.0,0,20,240.769230769
t-shirt-black,990,1122,1m27.475935828s,0.61853,39,20,0.00356,4,2508,62.475935828
Jacket-black,21,26,2m1.038461538s,0.57692,0,1,0.0,0,55,120.038461538
Sweatshirt-navy,46,48,6m16.270833333s,0.4375,3,4,0.02083,1,417,361.270833333
polo-petrol,213,229,2m3.506550218s,0.55895,2,2,0.00873,2,758,120.506550218
t-shirt-navy,22,29,2m21.275862068s,0.55172,1,0,0.0,0,66,122.275862068
Trouser-navy,1719,1871,31.459818043s,0.78544,10,2,0.00037,1,4261,1860.459818043
t-shirt-navy,1719,1871,1m56.639387308s,0.59912,50,26,0.00831,19,4541,65.639387308
Trouser-black,9,16,8m18.875s,0.4375,1,2,0.0,0,140,481.875
t-shirt-blue,82,94,1m51.223404255s,0.56382,5,4,0.02127,2,241,65.223404255
Sweatshirt-brown,4,5,1m9.5s,0.5,0,0,0.0,0,10,60.5
jeans-navy,844,1063,2m6.545625587s,0.55691,47,26,0.01034,11,3411,120.545625587
t-shirt-navy,106,119,2m35.521008403s,0.61344,7,7,0.0084,1,380,123.521008403
jeans-grey,480,532,1m35.02255639s,0.67293,15,9,0.00563,3,1457,63.02255639
polo-petrol,54,60,2m7.866666666s,0.5,3,0,0.0,0,201,120.866666666
polo-1,4,5,0s,0.84293,0,0,0.0,0,10,60.294545454
t-shirt-orange,8,11,4m44.636363636s,0.4375,0,0,0.0,0,44,244.636363636
Sweatshirt-black,1719,1871,54.85894547s,0.74493,30,12,0.0,0,3897,2940.6
polo-blue,401,436,1m54.96559633s,0.55275,7,5,0.00229,1,1313,65.96559633
t-shirt-blue,4,5,28m25s,0.4375,0,1,0.04761,1,34,1705.0
Jacket-yellow,25,27,1m23.259259259s,0.77777,1,0,0.0,0,61,62.259259259
t-shirt-green,227,246,1m54.430894308s,0.62601,8,5,0.01219,3,674,65.430894308
jeans-blue,96,105,55.485714285s,0.65714,0,1,0.0,0,247,2940.6
Sweatshirt-black,174,184,54.831521739s,0.71195,7,2,0.00543,1,382,2940.6
t-shirt-white,306,333,1m8.498498498s,0.67867,3,3,0.009,3,740,60.498498498
t-shirt-petrol,9,10,3m46s,0.7,1,0,0.0,0,40,226.0
t-shirt-black,1150,1280,2m9.95078125s,0.51406,50,26,0.00781,10,4439,120.95078125
Trouser-navy,12,13,4m13.153846153s,0.61538,0,0,0.0,0,40,241.153846153
t-shirt-teal,16,16,1m53.5s,0.625,2,1,0.04761,1,37,65.5
jeans-navy,29,32,59.3125s,0.625,0,1,0.03125,1,81,2940.6
jeans-navy,18,19,4m21.631578947s,0.63157,1,1,0.0,0,63,242.631578947
Trouser-petrol,9,9,38.666666666s,0.55555,0,0,0.0,0,18,2280.666666666
t-shirt-navy,27,45,52.088888888s,0.84293,0,1,0.02222,1,79,2940.6
t-shirt-black,43,63,4m5.746031746s,0.5873,1,1,0.01587,1,206,240.746031746
polo-green,749,817,1m36.514075887s,0.52386,21,16,0.00734,6,2550,63.514075887
Sweatshirt-green,6,7,0s,0.84293,0,0,0.0,0,10,60.294545454
polo-black,166,207,1m29s,0.72463,3,0,0.0,0,405,89.0
Jacket-green,5,11,20.272727272s,0.81818,0,0,0.0,0,16,1200.272727272
jeans-grey,810,904,1m43.233407079s,0.63716,23,17,0.00774,7,2349,64.233407079
jeans-green,259,291,3m0.800687285s,0.63573,7,7,0.00687,2,847,180.800687285
t-shirt-rust,79,89,47.595505617s,0.67415,3,1,0.01123,1,199,2820.595505617
jeans-blue,131,151,2m16.17218543s,0.68874,7,3,0.00662,1,448,121.17218543
t-shirt-white,20,23,3m26.913043478s,0.60869,1,2,0.04761,2,70,182.913043478
t-shirt-purple,1347,1403,1m27.622238061s,0.56806,50,20,0.00356,5,3886,62.622238061
Sweatshirt-green,23,26,13.461538461s,0.6923,0,0,0.0,0,40,780.461538461
t-shirt-green,50,54,4m3.777777777s,0.44444,3,4,0.01851,1,354,240.777777777
t-shirt-purple,332,363,3m5.201101928s,0.53168,12,9,0.00826,3,1463,180.201101928
t-shirt-turq,225,273,1m33.637362637s,0.63003,12,9,0.00732,2,696,63.637362637
Sweatshirt-blue,1719,1871,1m29.765205091s,0.60631,50,23,0.0033,7,4541,62.765205091
t-shirt-pink,69,80,2m22.9s,0.63749,3,5,0.04761,4,207,122.9
jeans-navy,22,26,14.346153846s,0.76923,0,0,0.0,0,37,840.346153846
t-shirt-green,4,5,1m25.333333333s,0.66666,0,0,0.0,0,14,62.333333333
polo-mustard,5,5,2m6.8s,0.6,0,0,0.0,0,13,120.8
Trouser-purple,252,294,2m39.6292517s,0.5136,14,9,0.017,5,1250,123.6292517
polo-petrol,251,300,1m38.026666666s,0.65666,7,7,0.00666,2,769,63.026666666
t-shirt-white,1719,1871,37.77525s,0.7245,50,7,0.0,0,4541,2220.77525
polo-black,4,5,23s,0.4375,0,0,0.0,0,10,60.294545454
t-shirt-red,1719,1871,30.418350848s,0.76273,40,11,0.00161,4,4541,1800.418350848
Trouser-blue,54,66,2m7.409090909s,0.68181,0,1,0.01515,1,197,120.409090909
t-shirt-prune,13,16,32.9375s,0.75,0,0,0.0,0,24,1920.9375
t-shirt-black,101,107,2m15.68224299s,0.6542,3,4,0.01869,2,393,121.68224299
t-shirt-blue,17,17,1m8.588235294s,0.82352,0,1,0.0,0,24,60.588235294
Jacket-black,135,145,1m22.110344827s,0.55172,1,1,0.0,0,458,62.110344827
t-shirt-green,14,14,29.142857142s,0.57142,1,0,0.0,0,36,1740.142857142
Trouser-olive,756,777,51.117117117s,0.68339,40,3,0.00257,2,1406,2940.6
Trouser-olive,301,348,2m46.192528735s,0.52873,6,16,0.00862,3,1217,124.192528735
polo-purple,296,330,37.463636363s,0.8,2,0,0.0,0,529,2220.463636363
Trouser-black,45,83,41.891566265s,0.75903,2,0,0.0,0,180,2460.891566265
t-shirt-maroon,138,155,1m48.296774193s,0.61935,6,3,0.0,0,434,64.296774193
jeans-navy,102,106,1m22.490566037s,0.60377,3,2,0.00943,1,284,62.490566037
jeans-black,202,223,1m8.739910313s,0.69955,5,4,0.00896,2,485,60.739910313
Jacket-olive,115,145,1m48.131034482s,0.57241,3,2,0.01379,2,537,64.131034482
polo-maroon,231,266,3m3.315789473s,0.43984,11,15,0.01127,3,1181,180.315789473
Sweatshirt-navy,4,5,0s,0.84293,0,0,0.0,0,10,60.294545454
Trouser-beige,41,46,2m12.347826086s,0.71739,1,2,0.0,0,167,121.347826086
Jacket-navy,24,25,35.44s,0.64,0,0,0.0,0,42,2100.44
polo-blue,880,938,1m11.578891257s,0.64179,18,9,0.00533,5,2128,61.578891257
t-shirt-navy,73,81,58.950617283s,0.72839,1,2,0.02469,2,167,2940.6
Trouser-black,255,280,48.503571428s,0.73571,1,1,0.0,0,564,2880.503571428
polo-aqua,4,5,18s,0.4375,0,0,0.0,0,10,60.294545454
polo-pink,5,5,2m1.4s,0.6,0,0,0.0,0,10,120.4
t-shirt-maroon,9,9,7m51.111111111s,0.66666,0,0,0.0,0,53,425.111111111
Sweatshirt-maroon,4,5,1m15s,0.4375,0,0,0.0,0,10,75.0
jeans-blue,1177,1279,1m43.11336982s,0.62705,33,21,0.00469,6,3283,64.11336982
polo-blue,152,172,1m20.837209302s,0.68604,2,2,0.01162,2,371,62.837209302
Trouser-navy,47,107,2m37.317757009s,0.7757,1,1,0.00934,1,174,123.317757009
jeans-black,17,17,27s,0.64705,1,0,0.0,0,36,60.294545454
t-shirt-blue,62,68,57.867647058s,0.69117,2,0,0.0,0,155,2940.6
polo-beige,4,5,40.5s,0.75,0,0,0.0,0,10,2400.5
t-shirt-pink,22,23,15s,0.73913,0,0,0.0,0,36,60.294545454
t-shirt-green,28,28,10.607142857s,0.82142,1,0,0.0,0,36,600.607142857
polo-black,1719,1871,1m1.457627118s,0.70096,32,14,0.00211,7,4541,60.457627118
Trouser-maroon,272,295,1m36.989830508s,0.62372,6,3,0.00338,1,826,63.989830508
Jacket-beige,373,401,47.643391521s,0.62593,3,2,0.0,0,874,2820.643391521
t-shirt-navy,25,26,1m53.961538461s,0.57692,0,0,0.0,0,62,65.961538461
jeans-blue,159,170,31.111764705s,0.77647,2,2,0.0,0,250,1860.111764705
Trouser-olive,166,173,1m13.815028901s,0.69942,5,6,0.01156,2,386,61.815028901
t-shirt-white,565,604,2m20.046357615s,0.4735,32,26,0.0149,9,2326,122.046357615
Sweatshirt-green,12,17,2m7s,0.58823,0,1,0.0,0,47,127.0
Jacket-grey,567,653,1m40.186830015s,0.57274,10,6,0.00153,1,1813,64.186830015
t-shirt-purple,221,252,1m14.71031746s,0.62301,6,0,0.0,0,577,61.71031746
t-shirt-navy,406,424,48.306603773s,0.7665,5,1,0.0,0,778,2880.306603773
Jacket-navy,453,508,1m14.53543307s,0.62204,7,5,0.00393,2,1315,61.53543307
t-shirt-white,129,135,1m31.674074074s,0.68888,4,2,0.0,0,297,63.674074074
Sweatshirt-pink,15,17,25.352941176s,0.7647,1,0,0.0,0,37,1500.352941176
Trouser-black,256,300,2m12.183333333s,0.64333,4,10,0.01333,4,762,121.183333333
Trouser-beige,66,73,2m11.191780821s,0.68493,1,1,0.0,0,184,121.191780821
Trouser-petrol,135,148,37.979729729s,0.68243,4,1,0.00675,1,269,2220.979729729
polo-olive,82,90,2m22.266666666s,0.62222,1,1,0.0,0,228,122.266666666
polo-grey,1719,1871,1m10.491591709s,0.67149,50,26,0.00782,20,4541,61.491591709
Trouser-green,13,13,3m14.153846153s,0.46153,1,1,0.04761,1,55,181.153846153
t-shirt-white,23,24,4.375s,0.84293,1,0,0.0,0,26,240.375
polo-white,35,40,1m49.975s,0.5,3,2,0.025,1,148,64.975
t-shirt-purple,292,326,1m9.217791411s,0.6595,9,11,0.0184,6,833,60.294545454
Trouser-mustard,52,59,39.728813559s,0.61016,0,0,0.0,0,144,2340.728813559
Trouser-white,75,101,2m18.336633663s,0.60396,2,1,0.0,0,240,121.336633663
Jacket-pink,53,62,37.43548387s,0.56451,0,0,0.0,0,131,2220.43548387
polo-green,1462,1505,33.650498338s,0.78803,26,2,0.0,0,2349,1980.650498338
polo-black,488,523,1m29.780114722s,0.67686,23,9,0.00382,2,1302,62.780114722
polo-blue,425,475,1m45.414736842s,0.61263,17,13,0.00631,3,1462,64.414736842
Trouser-beige,801,896,2m44.030133928s,0.58928,33,24,0.00446,4,2955,124.030133928
polo-green,23,25,2m28.08s,0.64,2,1,0.0,0,96,122.08
polo-white,36,38,1m50.894736842s,0.71052,0,1,0.0,0,73,65.894736842
Jacket-maroon,1719,1871,1m30.943901556s,0.54831,50,26,0.00941,26,4541,63.943901556
polo-beige,297,325,2m0.249230769s,0.6123,11,7,0.00923,3,870,120.249230769
polo-beige,1719,1871,1m50.725617685s,0.55613,50,24,0.00476,11,4541,65.725617685
polo-navy,1285,1364,1m12.22947214s,0.58284,40,22,0.00513,7,4051,61.22947214
t-shirt-maroon,4,6,1m9.166666666s,0.66666,0,0,0.0,0,22,60.294545454
Sweatshirt-mustard,200,203,24.832512315s,0.77339,3,1,0.0,0,285,1440.832512315
jeans-blue,16,25,26.56s,0.84293,2,0,0.0,0,62,1560.56
Sweatshirt-green,12,16,13.125s,0.84293,1,0,0.0,0,20,780.125
jeans-grey,194,205,1m59.180487804s,0.61463,4,2,0.00487,1,514,65.180487804
Trouser-white,194,215,1m53.032558139s,0.64651,5,4,0.00465,1,505,65.032558139
t-shirt-maroon,88,92,54.369565217s,0.7826,0,0,0.0,0,137,2940.6
polo-turq,1134,1231,1m39.177904142s,0.56864,32,10,0.00243,3,4006,63.177904142
jeans-blue,85,86,28.732558139s,0.79069,3,2,0.0,0,159,1680.732558139
t-shirt-black,45,47,41.659574468s,0.70212,3,0,0.0,0,113,2460.659574468
Trouser-olive,112,129,2m12.217054263s,0.6124,2,3,0.00775,1,383,121.217054263
Sweatshirt-green,160,164,19.548780487s,0.84293,0,0,0.0,0,202,1140.548780487
polo-beige,33,41,1m15.682926829s,0.68292,0,0,0.0,0,133,61.682926829
t-shirt-white,505,517,1m44.005802707s,0.54738,29,20,0.00773,4,1681,64.005802707
polo-grey,61,77,1m42.87012987s,0.62337,3,0,0.0,0,244,64.87012987
Trouser-maroon,1318,1413,1m19.046709129s,0.63694,22,12,0.00283,4,3449,61.046709129
t-shirt-pink,83,92,2m54.119565217s,0.51086,6,10,0.04761,8,418,125.119565217
t-shirt-beige,115,138,2m39.442028985s,0.65942,5,10,0.02898,4,407,123.442028985
t-shirt-black,97,99,1m7.565656565s,0.59595,2,3,0.0101,1,265,60.565656565
jeans-white,18,19,3m16.842105263s,0.57894,0,1,0.0,0,95,181.842105263
t-shirt-black,301,353,1m52.345609065s,0.64305,10,13,0.00566,2,926,65.345609065
Trouser-green,1719,1871,1m24.709974853s,0.63202,50,26,0.00586,14,4541,62.709974853
polo-mustard,1639,1707,1m15.977738722s,0.60925,50,22,0.00527,9,4527,61.977738722
Sweatshirt-green,25,25,7.2s,0.84,0,0,0.0,0,34,420.2
polo-black,380,453,50.077262693s,0.73068,11,8,0.00441,2,933,2940.6
Trouser-maroon,1282,1334,44.428785607s,0.7841,41,3,0.00074,1,2038,2640.428785607
jeans-yellow,55,86,31.290697674s,0.77906,2,0,0.0,0,137,1860.290697674
jeans-blue,13,14,2m30.571428571s,0.4375,0,0,0.0,0,44,123.571428571
t-shirt-black,8,12,4m20.5s,0.58333,1,1,0.0,0,66,242.5
Jacket-yellow,829,939,2m1.962726304s,0.50372,30,18,0.00425,4,3174,120.962726304
Trouser-brown,523,553,1m10.792043399s,0.67992,6,6,0.00904,5,1262,61.792043399
Trouser-grey,29,29,26.034482758s,0.62068,0,0,0.0,0,53,1560.034482758
Trouser-coffee,154,171,2m3.49122807s,0.70175,7,2,0.01169,2,435,120.49122807
Trouser-brown,77,87,1m32.390804597s,0.74712,0,0,0.0,0,196,63.390804597
t-shirt-blue,223,269,2m22.918215613s,0.4375,13,16,0.01486,4,1170,122.918215613
Trouser-navy,569,619,54.697899838s,0.66235,16,5,0.00161,1,1331,2940.6
Trouser-beige,1719,1871,1m43.420268797s,0.57137,50,26,0.01089,26,4541,64.420268797
Jacket-brown,7,15,1.2s,0.84293,0,0,0.0,0,17,60.294545454
t-shirt-grey,21,22,2m46.272727272s,0.68181,1,0,0.0,0,55,124.272727272
t-shirt-green,1369,1448,1m10.468922651s,0.59323,30,7,0.00069,1,4247,61.468922651
Sweatshirt-olive,96,100,2m12.59s,0.6,4,2,0.01,1,307,121.59
Trouser-black,121,140,3m8.55s,0.5,7,5,0.01428,2,486,180.55
t-shirt-green,170,360,21.563888888s,0.84293,1,1,0.0,0,416,1260.563888888
t-shirt-blue,26,33,1m9.515151515s,0.66666,1,0,0.0,0,80,60.515151515
t-shirt-lilac,209,232,47.879310344s,0.76724,1,2,0.00431,1,394,2820.879310344
Trouser-green,135,173,2m11.838150289s,0.56069,5,4,0.01734,3,560,121.838150289
polo-green,5,6,3.333333333s,0.66666,0,0,0.0,0,10,180.333333333
jeans-grey,171,190,1m11.631578947s,0.6421,5,2,0.0,0,522,61.631578947
Jacket-red,4,5,5.666666666s,0.66666,0,0,0.0,0,10,300.666666666
jeans-blue,483,516,1m3.976744186s,0.63953,12,11,0.00387,2,1259,60.976744186
Trouser-olive,59,66,2m3.106060606s,0.54545,5,2,0.01515,1,203,120.106060606
polo-white,81,89,3m12.505617977s,0.5955,3,3,0.02247,2,279,181.505617977
polo-1,5,6,2m12s,0.66666,2,1,0.0,0,29,132.0
polo-white,320,347,2m3.314121037s,0.63688,8,6,0.00864,3,923,120.314121037
Jacket-camel,4,5,0s,0.84293,0,0,0.0,0,10,60.294545454
t-shirt-purple,156,178,1m48.63483146s,0.5955,7,6,0.02247,4,486,64.63483146
Trouser-olive,987,1100,1m5.294545454s,0.64181,20,10,0.00363,4,2792,60.294545454
Sweatshirt-white,40,43,2m47.837209302s,0.72093,2,1,0.02325,1,123,124.837209302
Trouser-yellow,75,81,1m12.827160493s,0.53086,2,0,0.0,0,288,61.827160493
t-shirt-lilac,37,41,45.292682926s,0.7317,1,0,0.0,0,90,2700.292682926
t-shirt-petrol,16,17,4m43.882352941s,0.52941,1,1,0.04761,1,98,244.882352941
Trouser-green,1112,1217,1m45.119145439s,0.65242,15,17,0.00575,7,2993,64.119145439
Sweatshirt-grey,152,178,1m45.910112359s,0.5955,5,7,0.01123,2,464,64.910112359
t-shirt-petrol,291,299,9.518394648s,0.84293,0,0,0.0,0,394,540.518394648
Sweatshirt-yellow,1049,1212,1m53.167491749s,0.56023,30,26,0.0066,8,3663,65.167491749
t-shirt-navy,77,85,2m55.611764705s,0.52941,5,5,0.01176,1,358,125.611764705
Sweatshirt-blue,14,14,2m41.214285714s,0.4375,0,1,0.0,0,47,124.214285714
Sweatshirt-black,120,140,1m19.414285714s,0.67857,1,1,0.0,0,303,61.414285714
Trouser-black,157,176,39.232954545s,0.73863,6,0,0.0,0,317,2340.232954545
Trouser-navy,116,121,48.719008264s,0.66115,6,2,0.0,0,271,2880.719008264
Trouser-purple,987,1027,39.834469328s,0.73125,50,3,0.00097,1,1859,2340.834469328
Sweatshirt-beige,73,84,57.333333333s,0.57142,1,0,0.0,0,189,2940.6
Trouser-brown,76,108,1m48.074074074s,0.54629,4,1,0.00925,1,329,64.074074074
polo-purple,363,385,39.929870129s,0.74805,7,0,0.0,0,633,2340.929870129
t-shirt-olive,10,11,41.454545454s,0.54545,0,1,0.0,0,26,2460.454545454
t-shirt-black,12,18,2m22.666666666s,0.5,0,2,0.04761,1,44,122.666666666
Sweatshirt-black,573,629,1m14.589825119s,0.69634,21,10,0.00635,4,1432,61.589825119
t-shirt-navy,1505,1576,1m31.481598984s,0.54822,49,15,0.00317,5,4541,63.481598984
Sweatshirt-white,60,69,1m38.492753623s,0.55072,1,1,0.01449,1,164,63.492753623
jeans-black,21,21,3m44.761904761s,0.4375,2,0,0.0,0,70,184.761904761
Trouser-pink,291,455,1m6.03076923s,0.7956,4,5,0.00659,3,824,60.294545454
t-shirt-rust,325,416,2m18.79326923s,0.53125,23,26,0.0024,1,1411,121.79326923
polo-rust,58,64,3m35.546875s,0.4375,2,2,0.0,0,193,183.546875
Trouser-beige,1719,1871,1m24.701158301s,0.59111,50,26,0.01042,26,4541,62.701158301
Trouser-maroon,43,47,1m57.680851063s,0.59574,2,0,0.0,0,154,65.680851063
polo-blue,11,11,6m1s,0.72727,0,1,0.04761,1,23,361.0
jeans-black,12,12,58.416666666s,0.66666,0,0,0.0,0,29,2940.6
Jacket-purple,22,27,3m5s,0.55555,0,0,0.0,0,111,185.0
polo-green,112,119,47.512605042s,0.61344,8,1,0.0,0,297,2820.512605042
Sweatshirt-yellow,178,203,1m28.620689655s,0.59113,5,7,0.0,0,526,62.620689655
t-shirt-peach,93,121,2m23.280991735s,0.57024,1,1,0.0,0,292,122.280991735
polo-purple,105,118,2m15.364406779s,0.50847,2,4,0.01694,2,453,121.364406779
Trouser-blue,30,39,4m10.256410256s,0.61538,3,2,0.0,0,249,241.256410256
polo-purple,26,47,31.574468085s,0.82978,1,0,0.0,0,82,1860.574468085
Trouser-navy,21,27,3m27s,0.66666,3,0,0.0,0,77,207.0
t-shirt-white,20,22,1m28.727272727s,0.63636,1,0,0.0,0,45,62.727272727
t-shirt-pink,4,5,2m48.75s,0.5,0,0,0.0,0,42,124.75
